Year,Afghanistan,Albania,United Arab Emirates,Armenia,Developing Asia,Antigua and Barbuda,Austria,Azerbaijan,Burundi,Belgium,Benin,Burkina Faso,Bangladesh,Bulgaria,Bahrain,Bahamas,Bosnia and Herzegovina,Belarus,Belize,Bolivia,Brazil,Barbados,Bhutan,Botswana,Central African Republic,Canada,Switzerland,Chile,China,Cote d'Ivoire,"Congo, Dem. Rep.","Congo, Rep.",Colombia,Comoros,Cabo Verde,Costa Rica,Cyprus,Czech Republic,Germany,Developing Countries,Djibouti,Dominica,Denmark,Dominican Republic,Algeria,East Asia & Pacific developing,Europe & Central Asia developing,Ecuador,"Egypt, Arab Rep.",Spain,Estonia,Finland,Fiji,France,Gabon,United Kingdom,Georgia,Guinea,"Gambia, The",Equatorial Guinea,Greece,Grenada,Guatemala,Guyana,High Income Countries,"Hong Kong SAR, China",Honduras,Croatia,Haiti,Hungary,High income: OECD,Indonesia,India,Ireland,Iceland,Israel,Italy,Jamaica,Jordan,Japan,Kazakhstan,Kenya,Kyrgyz Republic,Cambodia,Kiribati,St. Kitts and Nevis,"Korea, Rep.",Latin America & Caribbean developing,"Lao, PDR",Lebanon,Liberia,Libya,St. Lucia,Low Income,Lesotho,Lithuania,Luxembourg,Latvia,Morocco,"Moldova, Rep.",Madagascar,Maldives,Mexico,Middle Income Countries,"Macedonia, FYR",Mali,Malta,Middle East & N. Africa developing,Montenegro,Mozambique,Mauritania,Mauritius,Malawi,Malaysia,Namibia,Nigeria,Nicaragua,Netherlands,Norway,Nepal,High Income: Non-OECD,Oman,Pakistan,Panama,Peru,Philippines,Poland,Portugal,Paraguay,West Bank and Gaza,Qatar,Romania,Russian Federation,Rwanda,South Asia developing,Saudi Arabia,Senegal,Singapore,Solomon Islands,Sierra Leone,El Salvador,San Marino,Serbia,Sub-Saharan Africa developing,Sao Tome and Principe,Suriname,Slovakia,Slovenia,Sweden,Swaziland,Seychelles,Chad,Togo,Thailand,Tajikistan,Timor-Leste,Tonga,Trinidad and Tobago,Tunisia,Turkey,"Taiwan, China",Uganda,Uruguay,United States,St. Vincent and the Grenadines,"Venezuela, RB",Vietnam,World (WBG members),Samoa,"Yemen, Rep.",South Africa,Zambia
1989,NA,NA,NA,NA,35.24378,NA,64.49682,NA,NA,65.18189,NA,NA,NA,NA,NA,NA,NA,NA,NA,23.34002,NA,NA,NA,NA,NA,64.97249,72.08388,23.85644,39.75824,42.82522,NA,NA,7.388835,NA,NA,7.321725,51.94508,NA,66.32997,20.70843,NA,NA,65.61135,8.006502,NA,37.25735,NA,0.903619,17.23333,49.45846,NA,68.14427,NA,69.6807,NA,59.3964,NA,NA,NA,NA,25.6612,NA,12.64176,NA,61.911,51.94752,7.515576,NA,NA,NA,62.15357,12.02934,NA,59.74129,35.2045,28.19365,53.06399,3.21647,41.69293,91.63216,NA,9.567166,NA,NA,NA,NA,41.52422,NA,NA,NA,NA,NA,NA,NA,NA,NA,63.66268,NA,NA,NA,NA,NA,9.390047,20.74616,NA,NA,NA,NA,NA,NA,NA,26.69851,NA,55.39068,NA,2.383723,NA,64.05886,63.24716,NA,55.6931,NA,17.66173,68.96006,0.04194,24.43348,6.488521,42.98377,9.906709,NA,NA,NA,NA,NA,NA,70.42614,NA,70.78509,NA,NA,26.11177,NA,NA,13.42447,NA,NA,NA,NA,62.73836,NA,NA,NA,NA,47.78077,NA,NA,NA,NA,44.1261,0.044468,68.32116,NA,1.03648,57.21002,NA,0.30184,NA,49.71672,NA,NA,21.32035,0.119036
1990,NA,NA,NA,NA,36.50166,NA,66.6012,NA,NA,67.43136,NA,NA,NA,0.03035,NA,NA,NA,NA,65.75227,27.33665,0.000959,NA,NA,NA,NA,68.07848,75.97926,30.06782,40.96995,42.46938,NA,NA,9.540734,NA,NA,8.717869,54.28455,NA,68.1229,21.81402,NA,NA,67.34898,12.0482,NA,38.56469,NA,1.342038,20.125,52.78334,NA,72.31094,NA,72.04384,NA,63.57122,NA,NA,NA,NA,30.88253,NA,17.82766,NA,64.92681,57.27757,9.279595,NA,NA,NA,65.19762,12.96879,NA,61.74762,40.6646,33.03544,56.48952,3.920926,48.48077,94.45307,NA,11.06238,NA,NA,NA,NA,45.08432,4.485196,NA,NA,NA,NA,NA,NA,NA,0.17016,66.02063,0.653595,NA,NA,NA,NA,11.89267,21.85376,NA,NA,NA,NA,NA,NA,NA,30.28662,NA,57.10932,NA,2.569572,NA,65.62743,65.85992,NA,57.86026,NA,19.26489,69.4741,3.178431,27.36659,11.44856,48.82388,13.68956,NA,NA,0.034919,0.001414,NA,NA,71.89394,NA,73.22704,NA,NA,32.37754,NA,NA,15.06441,NA,NA,NA,NA,69.30685,NA,NA,NA,NA,50.54547,NA,NA,NA,NA,46.98276,0.071289,71.1398,NA,2.20274,60.29819,NA,0.424556,NA,52.16386,NA,NA,24.35065,0.222201
1991,NA,NA,NA,NA,38.06775,NA,68.85522,NA,NA,69.59526,NA,NA,NA,0.157562,NA,NA,NA,NA,67.06777,33.19766,0.004906,NA,NA,NA,NA,71.90849,80.43133,36.61792,42.42848,43.16452,NA,NA,12.43671,NA,NA,11.21683,57.02101,35.10811,70.90909,23.25579,NA,NA,68.96834,17.71882,NA,40.18635,0.064699,1.994707,24.11667,55.9158,NA,75.28451,NA,74.35891,NA,68.34381,NA,NA,NA,NA,36.90396,NA,24.08612,NA,68.01772,63.71464,12.42991,NA,NA,NA,68.28405,14.18987,NA,63.75396,43.43321,39.31414,60.05061,5.935998,52.46314,97.52415,NA,13.163,NA,NA,NA,NA,49.2922,5.966101,NA,NA,NA,NA,NA,NA,NA,0.376458,68.17657,1.134713,NA,NA,NA,NA,14.58782,23.29816,NA,NA,NA,NA,NA,NA,NA,32.40977,NA,59.56573,NA,2.884709,NA,67.68092,68.12431,NA,61.19353,NA,21.52178,70.34401,16.195,32.65716,16.63824,54.58118,17.01211,NA,NA,0.079168,0.003314,NA,NA,75.43561,NA,75.74621,NA,NA,37.04284,NA,NA,17.13338,NA,NA,NA,NA,75.77804,NA,NA,NA,NA,53.43813,NA,NA,NA,NA,50.82826,0.118317,73.71685,NA,4.446092,62.85179,NA,0.569776,NA,54.75251,NA,NA,28.05435,0.452338
1992,NA,NA,NA,0.019203,40.46016,NA,71.59559,NA,NA,71.2876,NA,NA,NA,0.301415,NA,NA,NA,NA,68.68058,37.20252,0.051285,NA,NA,NA,NA,72.98002,83.67835,42.26656,45.12593,45.01821,NA,NA,15.79844,NA,NA,13.66294,60.72741,38.98198,74.49495,25.10688,NA,NA,70.42394,18.47385,NA,42.69384,0.162888,3.084803,27.375,59.22868,11.94955,77.221,NA,76.11657,NA,71.26619,NA,NA,NA,NA,42.76042,NA,26.55378,NA,70.35105,69.81345,13.51636,1.880643,NA,15.67318,70.62889,15.25844,NA,65.7075,45.15264,44.0114,63.13268,10.51769,54.54499,99.24086,NA,16.75883,NA,NA,NA,NA,52.35457,7.307083,NA,NA,NA,NA,NA,NA,NA,4.218669,70.33065,11.98257,NA,NA,NA,NA,16.8501,25.15262,NA,NA,NA,NA,NA,NA,NA,33.93843,NA,62.40778,NA,4.145254,NA,69.84175,69.7103,NA,63.21353,NA,23.65846,71.6291,28.10299,35.50804,22.77783,59.79874,19.58859,NA,NA,0.245805,0.05535,NA,NA,75.39773,NA,77.44591,NA,NA,41.19956,NA,NA,19.87595,NA,NA,NA,25.29842,77.50703,NA,NA,NA,NA,55.64989,NA,NA,NA,NA,53.79479,0.201226,77.00795,NA,7.488435,64.75546,NA,0.748814,NA,56.90573,NA,NA,31.99856,1.174491
1993,NA,NA,NA,0.326774,45.49808,NA,74.24242,NA,13.03742,73.25031,NA,49.68604,NA,0.520918,NA,NA,NA,0.010408,69.69875,40.37441,1.039152,59.96661,NA,NA,NA,74.34115,86.43357,47.64613,51.71603,45.98643,NA,NA,19.34599,NA,NA,14.99896,63.69531,47.03604,77.82828,28.52434,NA,NA,71.27911,19.44299,NA,48.276,0.666047,4.471477,30.69167,61.9352,22.6813,78.83627,59.38562,77.71842,NA,73.05946,NA,NA,NA,NA,48.89734,NA,30.10179,NA,72.59341,75.98401,14.97274,30.43879,7.192824,19.19404,72.81627,16.73497,35.41942,66.60507,46.9963,48.82798,65.93456,12.82765,57.00474,100.4745,0.380129,24.4677,NA,NA,NA,NA,54.86817,9.071008,5.117803,NA,NA,NA,NA,NA,NA,21.53427,72.8515,25.07262,NA,NA,NA,NA,18.49323,28.57935,28.1909,51.20283,NA,NA,NA,8.41394,38.75082,37.51592,NA,64.7049,NA,6.553218,NA,71.64353,71.30546,37.3288,67.35078,NA,26.01692,71.95532,41.75536,37.88377,30.3447,63.85535,23.18841,NA,NA,0.875211,0.539248,17.63449,34.68073,76.18371,NA,79.22013,22.66213,NA,48.82351,NA,NA,22.87427,NA,NA,35.55036,33.30448,81.10955,NA,NA,NA,NA,57.48524,NA,NA,39.83287,NA,55.94151,0.33423,79.27539,NA,11.539,66.66682,NA,1.034275,NA,59.44683,46.15621,NA,35.08899,3.32508
1994,NA,37.83909,NA,16.54611,54.29755,NA,76.43098,NA,14.974,74.99181,NA,62.19867,NA,1.020982,NA,NA,NA,0.045101,71.5023,43.55371,22.61084,60.01292,NA,NA,NA,74.46423,87.17011,53.09832,64.25976,58.00232,NA,NA,23.76582,NA,NA,17.03047,66.6658,51.7027,79.92424,36.72054,NA,NA,72.70742,21.04918,NA,58.6521,2.494724,5.693496,33.19167,64.85766,33.4962,79.68979,59.75115,79.00506,NA,74.4827,NA,NA,NA,NA,54.21764,NA,33.86744,NA,74.48435,82.65683,18.23209,60.11827,10.25385,22.81559,74.64011,18.16191,37.6676,68.16262,47.72576,54.85446,68.62798,17.33836,58.31639,101.1732,7.567594,31.51476,NA,44.13854,NA,NA,58.3061,21.08486,5.309892,NA,NA,NA,NA,NA,NA,37.0938,74.38282,34.04139,NA,11.73595,NA,NA,19.78143,36.79998,63.87568,62.04406,NA,NA,NA,13.12434,40.35047,40.25478,NA,66.98524,NA,10.27021,NA,73.6526,72.2864,40.44571,71.52797,NA,29.23673,72.845,51.66581,41.81287,38.86533,67.31659,27.92193,NA,NA,2.075138,2.197686,21.75488,36.94447,76.61932,NA,81.67224,25.66655,NA,53.99077,NA,NA,26.97202,NA,NA,40.3242,40.25569,82.89414,NA,NA,NA,NA,60.4106,NA,NA,40.23625,NA,58.59533,0.683633,82.52443,NA,16.70198,68.40512,NA,1.663291,NA,63.17974,51.73213,NA,38.19144,5.134432
1995,NA,40.79339,NA,45.59244,62.35449,NA,78.13318,NA,17.85812,76.09333,NA,66.83551,NA,1.655065,NA,NA,NA,0.362545,73.56951,47.99276,37.53558,61.14036,NA,NA,NA,76.06429,88.739,57.46972,75.05053,66.30255,NA,NA,28.73093,NA,NA,20.97844,68.40718,56.46847,81.28788,44.39232,NA,NA,74.21761,23.6883,NA,67.66219,6.101497,6.99685,38.39167,67.89004,43.12362,80.49743,61.04498,80.42437,NA,76.47523,NA,NA,NA,NA,59.08428,NA,36.71574,NA,76.37563,90.12915,23.59813,61.2983,12.86489,29.27365,76.46528,19.87237,41.93483,69.90496,48.51524,60.36351,72.24331,20.78965,59.68056,101.0438,20.93035,32.00416,NA,43.82505,NA,NA,60.91862,31.07004,6.352863,NA,NA,NA,NA,NA,NA,51.80061,75.88621,42.53813,NA,15.22967,NA,NA,26.70479,44.49508,74.33449,70.98306,NA,NA,NA,19.92099,42.99093,42.66454,NA,69.3159,NA,17.7656,NA,75.07126,74.06491,43.52884,75.67287,NA,32.84416,73.60617,57.41647,44.67288,46.56888,70.15925,31.68537,NA,NA,2.743657,6.533736,33.38272,41.14515,80.32197,NA,83.08076,28.13778,NA,59.40611,NA,NA,32.35926,NA,NA,44.31261,45.71928,84.99005,NA,NA,NA,NA,63.8973,NA,NA,40.82374,NA,62.238,1.295935,85.55066,NA,23.75958,70.32417,NA,2.659984,NA,66.76036,50.22999,NA,41.53439,6.919976
1996,NA,46.0052,NA,54.08761,67.43928,NA,79.59222,NA,22.58037,77.66277,NA,70.91129,NA,3.667747,NA,NA,NA,0.554226,78.22843,53.95807,43.45031,62.59944,NA,NA,NA,77.25891,89.45925,61.69897,81.28984,67.92453,NA,NA,34.70626,NA,NA,24.65278,70.44414,61.41441,82.46633,49.32291,NA,NA,75.81878,24.96679,NA,73.08971,8.803226,8.706882,41.2,70.30577,53.07139,80.98385,62.9072,82.01909,NA,78.35599,39.79275,NA,NA,NA,63.93442,NA,40.77533,NA,78.18515,95.82821,29.22508,63.53196,15.39415,36.14389,78.25247,21.45838,45.69151,71.14572,49.60901,67.17047,75.06327,26.28331,63.58414,101.1818,29.128,34.84365,NA,46.95902,NA,NA,63.91874,37.32474,7.180574,NA,NA,NA,NA,NA,NA,64.55661,76.78638,50.25418,NA,18.81069,NA,NA,35.88547,49.43582,76.1681,76.41488,NA,NA,NA,29.57932,45.00347,45.48832,NA,71.74715,NA,22.97101,NA,76.56024,75,47.54227,78.27819,NA,36.25103,74.50573,64.04752,48.01718,53.59281,72.31242,34.78261,54.52114,NA,3.805619,9.653725,37.68091,44.87671,81.32576,NA,84.22654,31.45083,NA,65.22219,NA,NA,36.5143,NA,NA,46.86943,50.25425,85.39033,NA,NA,NA,NA,67.63711,NA,NA,42.04658,NA,64.60446,2.335746,88.1814,NA,30.4914,72.38551,NA,5.316661,NA,69.48015,52.92964,NA,44.58874,9.91969
1997,NA,61.24117,NA,61.53493,69.75771,NA,80.59297,NA,29.60436,78.92724,NA,72.55456,NA,42.48623,NA,NA,NA,0.909832,79.08953,56.49898,46.45999,67.42619,NA,NA,NA,78.51144,89.92463,65.4835,83.55391,70.65541,NA,NA,41.11652,NA,NA,27.91563,72.98558,66.69369,84.06566,52.2578,NA,NA,77.47453,27.03877,NA,75.31713,11.64139,11.37608,43.03333,71.69099,58.68938,81.95668,65.02587,83.00655,NA,79.78568,42.64249,NA,NA,NA,67.47304,NA,44.54098,NA,79.91153,101.4043,35.1285,65.88841,19.67644,42.76005,79.9718,22.79456,48.27959,72.14889,50.4977,73.21659,76.59074,28.83355,65.49229,102.9503,34.23098,38.78746,NA,50.69709,NA,NA,66.75614,41.66203,9.155638,NA,NA,NA,NA,NA,NA,70.28991,77.83642,54.5207,NA,21.04825,NA,NA,43.28707,52.3797,77.15382,76.13778,NA,NA,NA,31.7598,47.08509,48.58811,NA,73.63347,NA,25.42261,NA,78.17509,76.92519,49.49625,80.29027,NA,40.37527,75.44484,69.52147,50.68531,59.86772,74.00226,37.19028,58.67814,NA,9.699556,11.07874,41.96159,47.61114,81.36364,NA,85.9306,33.99336,NA,68.15097,NA,NA,39.72592,NA,NA,49.74376,54.44661,85.8323,NA,NA,NA,NA,71.40028,NA,NA,42.93988,NA,66.93712,4.336378,88.97956,50.02573,36.53636,74.07766,NA,7.977128,NA,71.55627,56.56157,NA,48.43675,12.34009
1998,NA,73.89446,NA,66.88036,71.25377,NA,81.41601,NA,33.30401,79.67646,NA,76.24453,NA,50.41937,NA,NA,NA,1.577678,78.37989,60.83456,47.94442,66.57053,NA,NA,NA,79.29337,89.94077,68.82986,82.9087,73.96557,NA,NA,48.79585,NA,NA,31.1733,74.61081,73.82883,84.83165,54.62873,NA,NA,78.88464,28.34522,NA,76.63928,15.12589,15.48353,44.74167,73.00607,63.50578,83.11307,68.73995,83.54703,NA,81.02826,44.16235,NA,NA,NA,70.68997,NA,47.48812,NA,81.16045,104.2743,39.92991,70.29614,21.76873,48.81222,81.23259,36.11797,50.46092,73.93523,51.35804,77.1958,78.10918,31.3128,67.51652,103.6318,36.71627,40.88648,NA,58.20353,NA,NA,71.77175,45.20554,17.48275,NA,NA,NA,NA,NA,NA,73.85189,78.583,57.0443,NA,22.68717,NA,NA,50.182,54.75563,77.57388,79.21204,NA,NA,NA,32.22984,50.86679,51.90021,NA,77.53186,NA,27.42008,NA,79.70664,78.65787,55.009,81.18206,NA,42.888,75.91934,74.56523,55.37281,64.97737,75.90616,41.49135,61.9521,NA,15.44723,14.14597,44.82968,49.8568,81.07008,NA,85.69767,38.20814,NA,69.88832,NA,NA,42.44331,NA,NA,53.05816,58.77421,85.71556,NA,NA,NA,NA,77.22671,NA,NA,44.34594,NA,69.02468,8.010187,90.47926,49.49648,40.4854,75.22756,NA,10.83151,NA,73.1313,57.81667,NA,51.81578,15.37155
1999,NA,74.20104,NA,67.36374,71.81015,NA,81.85559,NA,34.43285,80.56951,NA,75.4257,NA,51.71666,NA,NA,NA,6.207501,77.45709,62.14921,50.27377,67.60912,NA,42.25167,NA,80.66898,90.6661,71.12667,81.7446,74.5614,NA,NA,54.10175,NA,NA,34.30452,75.91533,75.40541,85.32828,57.44364,NA,NA,80.84061,30.17862,NA,76.63838,24.14834,23.57147,46.11667,74.69235,65.60538,84.12261,70.09334,83.9958,NA,82.10489,52.61658,NA,NA,NA,72.54886,NA,49.96185,NA,82.23319,100.123,44.58723,73.13109,23.65617,53.69234,82.37003,43.51467,53.45631,75.0792,53.01287,81.2057,79.40166,33.16951,67.91984,103.2781,39.80153,43.25166,NA,60.53632,NA,NA,72.35525,49.28822,39.99194,NA,NA,NA,NA,NA,NA,74.3892,79.38822,58.39688,NA,31.57376,NA,NA,58.50501,57.58234,76.58134,78.25998,NA,NA,NA,33.15051,52.93916,55.45648,NA,79.65292,NA,29.23495,NA,81.42606,80.51889,59.10786,80.13689,NA,44.66536,76.8881,77.15214,58.68056,69.70435,77.68243,44.28471,65.38669,NA,22.53356,26.27564,43.75108,52.74973,79.66856,NA,85.71789,41.27279,NA,70.24675,NA,NA,44.67218,NA,NA,58.67313,62.37152,86.10472,NA,NA,NA,NA,77.56295,NA,NA,46.32562,NA,70.87559,13.20637,90.63764,52.34774,42.77731,76.87355,NA,13.38448,NA,74.71288,57.96975,NA,54.44925,19.48227
2000,NA,74.22891,NA,66.84227,72.8449,82.12528,83.76356,50.53449,42.80544,82.61962,74.52689,75.19622,55.7456,57.05189,83.45419,80.54762,NA,16.67187,77.93111,65.00877,53.81513,69.25602,73.78407,45.88109,72.3844,82.86273,92.07915,73.86025,82.03805,76.39027,6.987784,72.79316,59.09283,69.70267,80.35019,38.06385,79.10512,78.25225,86.55724,60.14105,71.41245,80.89778,83.20597,32.51101,70.97893,77.18588,30.52994,46.22245,47.35833,77.25632,68.23659,86.94934,70.85887,85.40353,81.34991,82.75882,54.71503,NA,52.13632,56.94286,74.83486,77.27359,52.94888,58.7897,83.93607,96.40221,49.51324,76.49874,26.89861,58.95869,84.14117,45.12033,56.68077,79.28546,55.72646,82.11913,81.39009,35.83443,68.37824,102.5794,45.14325,47.56491,52.14393,60.05693,NA,73.49441,73.98989,53.54293,49.96075,NA,NA,NA,78.36641,47.59026,NA,75.11942,81.88952,59.94009,85.09834,41.40761,39.18643,NA,64.05804,60.28282,81.64148,77.72977,80.29808,66.406,NA,37.36709,54.66187,57.81316,31.48615,80.91885,NA,31.26394,47.41707,83.34814,83.0033,60.57284,79.6877,NA,46.61756,78.02491,80.05191,60.98319,76.71648,79.89874,48.25853,67.21499,NA,32.83488,31.74065,45.45724,55.76487,78.75,81.83208,86.87345,44.18519,NA,71.84389,NA,20.65611,47.07994,23.40353,30.56238,65.73084,67.94421,86.96643,51.45165,46.4807,73.99586,68.46263,78.73982,29.0404,NA,49.24712,55.09259,73.00541,20.47452,91.77046,54.11906,44.81407,79.46947,74.0835,15.5535,50.15503,76.70466,58.53011,NA,57.38336,24.55322
2001,NA,76.51431,NA,68.95441,74.16262,83.27733,85.98017,51.32244,46.78471,84.65971,77.49657,78.96225,56.82474,61.25145,83.46212,82.19481,NA,26.90293,78.83709,66.04621,57.49628,71.04133,75.79521,48.87775,75.16024,84.95511,92.98982,76.49638,82.6201,79.68388,32.13938,72.83391,63.7999,73.57437,83.0419,42.34764,80.66622,81.9009,88.27441,63.27893,72.65978,81.9526,85.18013,35.39919,73.97341,78.33512,38.66383,63.63622,48.44167,80.02947,72.1619,89.17034,73.88644,86.79969,83.08886,83.77966,57.29706,NA,54.4786,61.96829,77.35966,78.55333,56.80557,60.33435,85.63842,94.85445,54.29907,79.38787,30.71181,64.36112,85.90336,50.29287,58.76873,83.12214,59.29038,83.03545,83.68583,38.29183,69.58651,101.8202,48.91458,50.29237,55.75205,59.69615,NA,75.18732,76.99863,57.36247,53.82267,NA,41.67488,92.24912,82.52549,53.69602,NA,76.14639,84.07153,61.41975,85.62546,45.39779,42.13963,NA,68.13708,63.39021,85.88579,81.76145,82.6498,67.73223,NA,40.75078,57.23912,60.93418,38.6335,82.05064,58.7007,37.16345,50.25547,86.81196,85.49688,62.20122,79.58242,76.77985,48.28564,78.28193,81.63327,65.1133,80.92917,83.39023,51.78822,68.03832,NA,44.14783,38.55759,46.97681,57.75277,77.86932,84.26597,87.75495,47.22757,NA,74.53455,NA,40.28049,51.73031,25.56181,42.35392,70.39884,73.63771,89.09014,54.50897,49.25542,83.1945,72.07347,79.82889,40.25097,65.74622,53.32984,58.17901,74.42529,31.58116,91.7651,55.15697,46.77049,81.71541,74.75089,17.50251,49.93855,78.84189,60.77666,40.2706,60.61809,29.79081
2002,NA,80.48123,NA,69.67015,74.95567,85.28236,87.55144,52.73777,46.14579,86.05255,79.42307,80.67956,58.74255,64.81024,84.75912,83.98138,NA,38.40723,80.58734,66.65578,62.35481,71.14831,77.83225,52.78176,76.91284,86.87373,93.58748,78.40069,82.0157,82.15823,42.27054,76.02314,67.85216,76.17378,84.60685,46.23031,82.92507,83.45946,89.52862,66.21987,73.12307,82.09197,87.24527,37.2492,75.02727,78.60549,46.96309,71.58132,49.76667,82.5139,74.73297,90.57452,74.44948,88.46921,83.11934,84.83437,60.5095,NA,59.16873,66.67321,80.16746,79.39167,61.42701,63.55682,86.83045,91.96392,58.48131,80.71506,33.73809,67.76241,87.1373,56.27854,61.82665,86.95882,62.35828,87.75804,85.72849,40.98405,70.86341,100.8799,51.76969,51.27991,56.94195,61.62138,NA,76.72196,79.12573,61.53448,59.54577,NA,47.57589,83.21088,82.31461,57.72648,62.06507,76.36075,85.81323,62.61801,88.0198,47.78268,49.09205,NA,71.56487,66.32011,86.80443,85.87616,85.10188,68.21587,NA,47.58924,59.46899,64.862,44.32987,83.54292,63.17672,41.94948,52.14014,89.66593,86.59699,64.08554,79.53137,76.30522,50.06299,79.24081,81.78993,67.10526,82.46697,86.39257,57.21131,71.91947,61.78634,54.0801,44.64535,47.91286,60.61809,78.06818,86.23575,87.41121,52.02441,NA,75.92759,84.87523,48.13149,56.43204,28.1509,48.93093,72.73841,79.14638,91.01093,61.06079,49.34162,87.51381,74.81524,80.3893,45.17954,68.43634,58.85432,60.58879,76.44523,45.83501,91.58345,54.99314,53.30279,83.01144,76.13789,21.42895,51.84794,80.56617,65.66937,45.19913,66.16162,36.43304
2003,NA,82.40431,NA,72.93224,76.50411,86.98249,88.72989,53.8565,51.05914,87.41989,80.60793,82.32092,62.04213,66.33238,85.71787,86.52186,NA,49.35817,82.6826,68.8808,71.53027,72.27022,79.20161,57.64088,80.09297,89.2702,94.18485,80.60388,82.93882,84.88911,47.71244,75.54279,72.68987,79.06768,85.61212,50.59598,86.3593,83.55856,90.45455,70.05362,74.57234,83.28507,89.05568,47.47099,76.95807,79.88785,54.37939,77.25697,51.99167,85.02169,75.7341,91.38216,77.55606,90.32571,84.97735,85.98947,63.39378,NA,69.24686,71.55606,82.99778,81.1025,64.86838,67.35814,88.31824,89.57565,62.96729,82.14157,46.99022,70.92458,88.65925,60.10087,64.4998,90.01232,63.64588,88.34561,88.05134,45.13434,72.5233,100.6211,55.10273,56.30899,58.63588,62.36698,NA,78.43703,81.9069,68.28667,68.76881,NA,52.49062,81.3876,83.16595,61.18319,66.17947,75.49458,87.57354,64.46078,89.04724,53.33672,48.25552,NA,74.81883,70.15846,87.5471,84.71895,85.56018,69.85268,NA,53.9772,62.53277,67.38854,48.57525,84.39805,67.73975,47.83768,54.90481,91.54174,88.75138,67.74291,80.0652,75.94012,51.50159,80.37762,83.63937,69.41703,83.12216,89.17354,65.35764,75.08746,63.47691,62.39237,50.74537,51.48222,63.22364,78.55114,86.19083,87.83682,57.20821,NA,77.538,86.01185,52.88504,60.86293,30.90755,60.18619,78.96056,83.53439,92.76494,65.51212,50.97115,85.98007,71.23217,81.83797,52.54601,73.33991,65.70415,62.87987,78.52434,57.44815,91.32753,59.78127,63.63227,84.89588,76.29472,28.09132,53.52492,82.7678,65.74544,50.09526,70.0457,44.21801
2004,67.45988,84.75474,NA,77.95623,79.57977,88.74831,90.58174,57.4696,55.23396,89.25333,81.31213,81.99239,66.74997,70.40993,86.67662,87.37143,NA,58.3741,85.207,71.93686,76.24925,73.30214,80.44489,61.66428,78.43792,90.92818,94.94104,81.45404,86.11144,86.11387,49.61825,77.3783,76.9815,82.60596,83.99335,56.82836,88.33125,85.86486,91.96128,73.89558,76.90069,85.279,90.0837,71.90034,79.70646,83.04502,59.73082,79.37467,57.86667,87.60567,78.04253,91.54736,79.74895,92.26057,85.32423,87.14476,66.96891,34.96372,79.0777,74.5755,85.40372,82.97833,69.78462,70.50273,89.97653,89.25789,68.07632,83.8299,57.70931,75.70952,90.33657,63.74542,66.99068,91.99226,65.65126,87.98013,89.94939,51.23416,74.44247,100.6125,58.89493,62.94849,61.03503,64.8148,NA,80.2525,84.84784,72.96128,75.96603,NA,56.60016,79.59906,84.38048,64.20821,69.50394,76.37341,89.52189,68.4459,90.3776,59.99265,54.98996,NA,78.32665,74.00873,87.15432,82.09446,87.94743,73.07372,NA,60.81183,69.01593,70.55202,54.12731,85.63045,70.55298,55.01228,59.55536,92.6985,89.15475,69.66804,81.21132,76.25958,55.33529,80.53578,86.70187,73.55629,86.08945,91.28282,68.17438,77.34467,68.3999,69.78896,56.27084,57.78916,65.97469,78.80682,86.63451,89.30504,61.06046,NA,80.99031,87.24255,58.71634,64.62092,35.01389,66.19615,84.9209,86.53576,93.11518,67.76923,52.93726,81.37549,70.3428,84.1039,56.30102,75.7143,72.91413,65.24217,81.42326,62.38802,92.79681,61.97547,69.46004,87.16874,78.55308,34.20035,57.67587,85.09008,76.47059,56.36473,71.04377,52.1617
2005,75.28951,86.74285,NA,78.39971,82.027,90.61091,92.65806,62.97343,62.5536,91.73585,85.67319,87.25383,71.45056,73.95776,87.51462,88.76204,84.97211,64.42114,88.34848,75.81987,81.48722,77.74778,83.67086,67.00096,80.69969,92.94092,96.0537,83.94017,87.64187,89.45713,60.19529,79.77276,80.86985,85.09514,84.35762,64.66729,90.59531,87.45946,93.38384,77.58698,79.28843,86.71331,91.72125,74.91436,81.01729,85.36958,65.95229,81.097,60.69167,90.55663,81.23423,92.31828,81.63562,93.87132,88.48834,88.93728,72.49568,45.93299,82.91119,78.77532,88.43142,85.8625,76.14019,75.38542,91.89861,90.0779,74.07321,86.61069,66.7862,78.4068,92.27101,70.41133,69.50182,94.22738,68.27731,89.14968,91.72993,58.9668,77.03864,100.3278,63.43888,69.18836,63.69958,68.93011,NA,82.96328,87.18463,77.44617,81.4111,NA,62.61898,81.7086,87.68041,70.75547,71.8934,78.40379,91.75138,73.06645,91.26516,67.05135,65.08822,76.3235,81.4504,77.667,87.61102,87.34597,90.59451,75.28903,82.68699,65.17317,77.38456,74.03397,62.46851,88.22099,72.14811,64.83807,65.27214,94.26337,90.52072,74.4748,82.81436,77.15407,60.3511,82.8193,88.10445,79.22149,87.9034,93.36148,72.82609,81.4428,76.103,76.06658,63.40897,62.99833,68.90406,79.28977,88.11701,89.72329,65.44057,NA,84.7886,88.71301,68.1814,70.54608,41.01955,72.74814,87.22148,88.65718,93.53492,71.0889,53.4175,87.79631,78.02044,87.92405,60.29127,76.55599,79.23264,69.72934,83.02062,67.49098,94.93897,67.30571,72.72486,90.12616,81.4858,39.65689,62.45412,87.55064,77.89047,63.02212,73.42472,61.70841
2006,80.75168,88.82386,NA,80.67241,84.90822,92.23084,93.98616,68.1541,64.27096,93.37903,88.91645,89.28686,76.28718,79.3283,89.30721,90.88329,90.14121,68.89918,92.08179,77.59204,84.8963,83.42933,87.26626,74.73734,86.10275,94.80162,97.07141,86.78758,89.08776,91.67494,68.05239,84.98818,84.34193,87.96656,88.4426,72.08852,92.85764,89.67568,94.8569,81.20846,82.05037,88.96163,93.48617,80.58847,82.60319,87.88848,71.98334,83.77205,65.3,93.74004,84.83283,93.76836,83.66903,95.44378,87.24118,91.00837,79.15371,61.86957,84.61626,82.25396,91.2577,89.51333,81.1362,80.34471,93.93423,91.89217,78.20483,89.37342,75.5123,81.48559,94.28972,79.63919,73.72418,97.93207,72.83538,91.02829,93.67317,63.99083,81.84545,100.578,68.97183,73.36257,67.2293,73.16463,78.25004,89.9886,89.13918,80.97382,86.74277,NA,67.33747,82.90094,89.7701,76.46504,76.2592,81.3354,94.19776,77.85948,94.26298,75.68358,72.09539,78.41356,84.4066,81.26407,90.42777,88.69354,93.10652,78.5703,85.10519,73.80255,82.21416,80.64756,71.19805,91.41516,75.73473,70.17114,71.23815,95.30168,92.62926,77.34635,85.3598,79.49982,65.13165,84.85567,89.86773,84.17398,88.88347,96.26284,79.79196,84.57211,84.53426,81.08026,69.53976,68.59436,73.20774,81.13636,89.97837,90.58737,73.03055,76.80715,88.21021,90.57178,76.175,75.01314,50.48564,80.95501,91.13191,90.83631,94.80748,74.77107,53.22869,94.85188,77.16338,92.00852,66.31036,79.56936,84.10475,75.52232,86.46045,73.96833,95.50718,72.16246,77.37755,93.03358,83.96999,45.07169,67.07523,90.06942,80.77248,69.85674,76.81578,67.29518
2007,87.60176,91.40654,87.55417,84.22948,89.15771,93.53688,96.02507,79.45789,69.67747,95.08139,90.07003,89.08171,83.23576,85.99385,92.6136,93.14863,91.54463,74.62444,94.20229,84.34537,87.9876,86.79506,90.86167,80.01433,86.90214,96.82884,97.7823,90.61343,93.37881,93.41278,79.58394,87.24582,89.01818,91.89529,92.3438,78.83396,95.05842,92.23423,97.03704,85.68664,86.12497,91.84206,95.06914,85.53726,85.82549,92.04659,78.24154,85.67878,71.49167,96.3526,90.4298,96.09031,87.68825,96.86398,91.62969,93.12235,86.45941,76.00331,89.15942,84.56014,93.89955,92.9675,86.67152,90.23067,95.94562,93.75769,83.62928,91.96461,81.95258,87.97904,96.25938,84.67325,78.13892,102.7279,76.52353,91.49788,95.38142,69.92682,85.72784,100.6384,76.45309,76.49522,74.1189,78.77528,81.06119,94.04981,91.39872,84.78653,90.7846,92.71845,75.00848,88.08307,92.3044,81.42976,82.3694,86.00175,96.37604,85.70261,96.188,84.86816,79.51253,83.74159,87.75487,85.73653,92.46316,89.94715,94.27154,82.93339,88.80473,79.82366,88.17806,87.78132,76.85987,93.26794,80.69412,73.95197,79.16476,96.83972,93.28933,79.10151,88.54904,84.21869,70.08061,88.40451,91.46621,86.51316,91.00606,98.6251,86.29032,86.14475,92.96551,85.00005,75.80342,74.82322,77.81599,84.45076,95.24511,92.49416,78.62723,82.06864,92.24993,92.83512,81.04389,79.58146,59.84998,86.13569,93.64416,94.15864,96.90478,80.80965,56.06078,86.33917,79.29314,94.0643,75.02854,87.76572,89.01836,81.46961,89.41853,80.44513,97.22431,76.55859,83.65646,95.68752,89.7771,53.50132,72.64042,92.83129,85.27721,75.379,82.31121,74.46116
2008,114.3684,94.50019,98.27991,91.90713,95.49776,98.52595,99.10213,95.97159,86.68362,99.35001,97.22427,98.58004,90.64342,96.61303,95.8722,97.3306,98.30893,85.65692,100.1402,96.16101,92.98406,93.83249,94.45708,90.12655,94.96024,99.12395,100.1546,98.5113,98.91266,99.29659,93.35306,93.64464,95.24667,93.45823,98.59957,89.41646,99.49813,98.0991,99.58754,92.79706,96.42433,97.66003,98.31696,94.64311,89.61501,98.07722,88.25213,92.87609,84.6,100.2796,99.80339,100.0092,94.46855,99.58863,96.45336,96.47654,95.10363,89.97581,93.12136,90.10033,97.79912,100.4358,96.51268,97.53977,99.26706,97.78598,93.16589,97.55327,94.67135,93.29967,99.39338,93.02811,84.84204,106.899,86.22532,95.70137,98.57195,85.33202,97.70463,102.0273,89.55707,88.05654,92.28238,98.46683,92.13852,99.07029,95.67051,91.07943,97.71141,97.35032,88.12705,97.20912,97.42688,93.29898,91.19585,95.39821,99.65464,98.91068,99.83028,95.81367,86.90442,93.8253,92.2523,92.79118,100.1674,98.19547,98.28531,91.29576,96.58295,91.40176,94.65618,96.27389,83.55636,98.33166,88.03171,82.5164,94.86014,99.24764,96.79135,86.93875,96.28922,94.76999,83.93179,96.11507,96.76016,94.56323,94.96426,101.178,95.07948,94.66478,101.3968,91.66881,86.49986,86.37459,85.37084,92.80303,102.2429,98.62468,92.24917,88.80206,98.94547,96.82072,91.10223,88.44693,78.99605,98.80162,97.95009,99.47618,100.2741,91.0381,76.78351,95.22949,95.46263,99.19207,90.38501,95.72102,98.3181,91.27493,93.81339,88.84692,100.6541,85.77886,90.24614,99.36106,98.81427,69.74975,89.43154,97.30247,95.1403,89.68311,91.35402,83.72219
2009,104.8952,96.64623,99.81485,95.1386,97.1565,97.9839,99.61654,97.26711,95.83345,99.29721,99.32198,101.1469,95.55975,99.27297,98.55232,99.33827,97.92538,96.69633,99.15853,99.37903,97.52915,97.25222,98.05249,97.44508,98.30275,99.42079,99.67334,99.97363,98.19166,100.1241,125.3126,100.6253,99.24943,97.53521,99.57679,96.4262,99.82404,99.0991,99.89899,96.88756,98.03991,97.68926,99.59971,96.00898,97.98455,98.09732,96.09673,97.66854,94.61667,99.9908,99.71878,100,97.50542,99.67589,98.27218,98.56557,96.73575,94.19063,97.36916,94.32699,98.98254,100.1258,98.30749,100.2431,99.43853,98.34973,98.2866,99.8736,94.65749,97.2272,99.46204,97.49513,93.09437,102.1119,96.57488,98.8756,99.34924,93.50153,96.98187,100.647,96.10914,97.3353,98.58811,97.81559,101.1832,101.0857,98.30784,96.81404,97.8477,98.53358,94.67282,99.60037,97.27398,100.4423,97.92561,99.64633,100.0214,102.3965,100.8059,95.75744,94.68604,98.07575,97.13925,96.84592,99.42723,100.6143,100.3339,97.25499,99.91648,94.86135,96.75842,98.7155,90.59351,98.91013,96.33604,92.86095,98.35764,100.4285,98.91823,96.58445,98.88413,98.16539,94.12411,98.42823,99.6004,97.61513,98.59757,100.3326,97.55727,97.27016,102.7212,96.78784,96.57478,97.51245,93.46284,97.5,99.9446,99.21334,98.79054,95.43483,99.4773,98.95038,98.49696,96.6324,92.39179,98.63569,99.53209,100.311,99.95636,97.81883,101.1657,104.7071,100.4596,98.35052,97.08818,96.36204,99.72096,97.67331,97.13489,94.40072,99.77451,96.94459,96.61952,99.00779,99.23082,88.63864,95.44049,98.66394,101.1579,94.53296,97.85955,94.9354
2010,105.8314,100.0929,100.6912,102.8943,101.8039,101.286,101.4123,102.7766,102.0562,101.4711,101.7857,100.4509,103.3286,101.6942,100.4858,100.6734,100.0872,104.0799,100.0421,101.8651,102.4434,102.9158,101.6479,104.1905,99.77064,101.1874,100.3593,101.3829,101.306,101.5558,102.7806,101.0536,101.5044,100.737,101.6467,101.8885,102.2493,100.5586,101.0017,102.386,101.9126,100.6193,101.9014,102.0851,102.0879,101.4668,102.9394,101.1398,105.0833,101.7905,102.686,101.2298,101.0651,101.2021,99.70065,101.8164,103.6183,108.7544,102.2853,101.6743,103.6475,103.5667,102.1026,102.4761,100.9101,100.6253,102.905,100.9029,100.0497,101.9524,100.8775,102.5067,102.7238,101.1704,101.7861,101.5391,100.8586,105.2916,101.6751,99.92236,103.2217,101.3109,106.4331,101.72,97.23756,101.5967,101.1973,102.9971,103.7016,102.4373,101.5744,102.3891,100.4357,103.0114,101.4493,100.9609,102.2956,101.28,101.8075,102.7978,103.442,104.1073,101.1771,102.3786,100.9269,101.7864,101.8563,103.0974,100.297,106.6503,102.8601,101.6348,97.30793,100.6204,101.0344,105.6215,103.7201,101.7092,101.311,105.5924,101.6783,101.3052,106.3027,101.9079,101.1238,101.6265,101.2671,101.7399,102.0804,100.9184,100.2217,102.7043,103.1896,97.26878,103.1277,102.7273,101.1844,102.0144,99.74252,102.3,100.6505,101.5087,104.5472,103.2302,104.7169,105.5125,100.4846,102.1178,101.2245,102.2297,98.73301,102.5315,100.8691,101.5757,103.7784,102.8819,103.246,107.9535,101.3523,102.4875,100.7373,100.8166,103.0918,100.6316,100.7,113.6236,104.2289,101.3583,101.9439,105.0969,102.0322,103.0077
2011,116.628,103.5117,101.5746,110.6054,108.1258,104.7872,104.7138,110.7457,111.8456,105.0552,104.7288,103.2231,113.9297,105.9856,100.1136,103.8937,103.7483,159.4817,101.61,111.9324,109.242,112.623,105.2433,113.0014,101.0682,104.1341,100.5915,104.7704,106.9049,106.5376,118.523,101.8216,104.9708,102.5932,106.1942,106.8595,105.6133,102.4865,103.0976,109.5837,107.0782,101.7576,104.7125,110.7217,107.9471,107.093,111.7509,105.6654,115.6667,105.0439,107.7973,104.7173,108.4251,103.339,100.9602,106.3612,112.4784,131.9739,107.1914,106.5601,107.0989,106.7083,108.4487,107.5771,103.5215,105.9348,109.8637,103.1961,108.4553,105.9531,103.4418,107.9843,111.2596,103.7575,105.8586,105.0424,103.6605,113.2208,105.9143,99.65493,111.9469,115.5163,124.1507,107.0715,98.6936,107.525,105.2713,110.6961,111.552,107.5445,110.1962,118.2783,103.2172,114.0071,106.5161,105.1308,105.7846,105.7008,102.7308,110.6213,113.2509,115.8437,104.6245,109.5319,104.8681,104.8785,104.6291,111.2189,103.7584,118.5579,108.709,108.2484,104.7255,103.8146,106.1002,117.0553,112.1031,104.0903,102.6128,115.3355,105.4,105.4034,118.9705,107.849,104.5314,106.4602,105.5447,105.4564,110.4956,103.8223,102.1473,108.6557,111.8993,100.2648,112.1808,106.714,104.6268,107.368,107.1613,109.2443,105.8128,104.4522,116.191,111.4023,119.7133,124.2257,104.4229,103.9589,103.8824,108.4733,101.2599,98.73339,104.3954,105.4453,116.735,116.7708,109.7203,113.4615,104.9442,109.1204,102.1717,119.644,111.4348,103.8083,103.9083,143.2683,123.6926,105.3623,107.2431,125.6365,107.1188,109.6372
2012,125.0465,105.6299,102.2473,113.3619,112.6716,108.3257,107.3139,111.8604,132.1579,108.0384,111.6071,107.1643,121.3952,109.117,102.8849,105.9439,105.8752,253.9221,102.9704,116.9904,115.1449,117.7286,108.8387,121.5258,106.9021,105.7124,99.89485,107.9201,109.7005,107.9361,128.6739,108.0275,108.2976,109.0717,108.892,111.6625,108.1357,105.8559,105.1684,115.7385,111.0735,103.1382,107.2234,114.8123,118.4166,110.1609,119.9648,111.0562,123.9,107.6133,112.039,107.6358,112.1206,105.3585,103.6381,109.3694,111.4249,152.0671,111.7519,110.4566,108.707,109.2808,112.5507,110.1502,105.5149,110.2399,115.5724,106.7172,115.2762,111.9588,105.3808,112.2829,121.6991,105.5174,111.3487,106.8361,106.833,121.0299,110.6965,99.60317,117.7633,126.3498,127.5902,110.4394,95.68753,108.4025,107.5739,118.0627,116.2981,114.6137,117.7246,125.4457,107.5292,124.012,113.0451,108.3794,108.6014,108.1064,104.061,115.7536,119.7219,128.453,108.9262,115.6416,108.3468,110.428,107.158,118.6687,108.0549,121.6432,114.0384,112.4098,127.002,105.5416,113.2347,131.3658,120.1673,106.6463,103.3278,126.246,108.6748,108.4702,130.4889,114.0075,108.3524,109.6674,109.4975,108.3811,114.5746,106.7069,104.0505,112.2842,117.5778,110.563,122.5289,109.7727,106.1094,112.2811,113.4967,116.4417,107.643,107.4054,124.7083,120.8717,132.4483,130.4204,108.1885,106.6591,104.8053,118.1704,108.4598,112.574,107.2485,108.6219,123.5419,130.5501,110.9794,123.991,110.3364,118.8229,104.1465,136.4102,120.4586,105.9565,106.6083,173.4535,134.9437,108.6192,109.4405,138.0562,113.1433,116.8468
2013,134.618,107.6737,103.3732,119.839,117.715,109.4734,109.465,114.5717,142.6485,109.241,112.6901,107.7405,130.5363,110.0883,106.278,106.7093,105.8054,300.3972,103.4837,123.7,122.2888,119.8643,118.228,128.6652,108.5076,106.7043,99.67777,109.8558,112.5185,110.7084,129.7139,114.5188,110.482,104.3872,110.5325,117.5052,107.7023,107.3784,106.7508,123.0196,114.0792,103.0903,108.0695,120.3588,123.2802,113.4661,128.3278,114.0789,135.6417,109.129,115.1633,109.2327,115.3903,106.2685,104.1619,112.1745,110.8549,170.1447,118.1214,113.7139,107.7055,109.2328,117.4392,112.2445,106.9241,115.0062,121.5382,109.0827,122.0238,113.8844,106.7146,119.4841,133.9915,106.0542,115.6604,108.4663,108.1074,132.3394,116.0371,99.94824,124.7618,133.5749,136.035,113.6891,94.26364,109.6025,108.9738,129.5077,123.7091,120.985,126.6449,128.7146,109.1121,131.5914,118.6625,109.5146,110.4846,108.0792,106.0094,121.1266,126.6974,133.3414,113.0723,122.9192,111.3646,109.7842,108.6316,125.7407,110.4399,126.8267,118.7472,116.3907,161.6524,107.7632,119.5862,142.5248,128.7418,109.3198,105.5189,137.6589,111.8623,110.7156,140.5263,118.6042,111.3926,112.5,110.7808,108.6785,117.6251,108.5478,107.274,116.7776,125.5187,117.1131,134.3959,113.6269,106.8507,114.9294,119.6157,122.8673,108.4586,109.1286,134.3037,128.6543,143.1844,132.9277,109.7037,108.5461,104.7589,124.8127,113.1658,112.7378,109.1505,110.9953,129.7634,145.0214,111.8402,130.425,116.7343,127.7264,104.9724,143.866,130.788,107.5086,107.4667,243.9439,143.8377,111.8114,110.1082,153.1988,119.6609,125
2014,140.8162,109.4389,105.7986,123.4581,121.8522,110.6661,111.2233,116.2303,148.9327,109.6124,111.4666,107.4733,139.6629,108.527,109.0957,108.3174,104.8291,354.7894,104.729,130.8308,130.0285,121.9853,127.9305,134.3481,135.9414,108.7388,99.66458,115.0358,114.835,111.2214,131.3263,114.6071,113.6847,110.7826,110.2685,122.8141,106.2444,107.7477,107.7189,131.8809,115.61,103.9143,108.679,123.9679,128.0473,116.426,138.2035,118.1737,149.3167,108.9644,115.0356,110.3708,115.9997,106.8081,109.0476,113.8134,114.2573,186.6725,125.1465,118.6149,106.2921,108.1583,121.4537,113.2015,108.4182,120.1107,128.9875,108.848,127.5956,113.6311,108.1562,127.125,142.5881,106.2478,118.0247,108.9825,108.3785,143.3104,119.4009,102.7088,133.3073,142.7615,146.2845,118.0721,96.24693,109.8742,110.3629,148.6682,128.8183,122.3503,139.1335,128.0818,112.9512,138.5556,124.9592,109.6283,111.1791,108.7509,106.4789,127.2905,134.4013,136.1683,117.6163,131.8027,111.0508,110.7454,108.9712,132.5824,109.6511,130.0741,122.9441,120.1274,200.1128,111.1502,125.9764,153.995,136.5126,110.3868,107.6733,149.1729,114.5944,111.8383,150.6293,121.7378,115.0084,116.557,110.9703,108.3762,123.539,110.4291,110.8337,118.0336,135.3386,119.8705,143.1555,116.1742,105.7004,116.1074,125.791,128.575,109.6965,110.3432,137.1005,136.8599,153.2051,137.4263,109.6201,108.7625,104.5707,131.9037,114.7341,114.6327,109.3503,113.0996,137.5804,146.0747,114.6483,137.8561,122.4983,139.036,106.227,150.036,142.3986,109.2526,107.675,395.6006,149.7121,115.541,109.6602,165.6151,126.9481,134.7602
2015,139.822,111.5292,110.1046,128.0211,125.0118,111.7384,112.2428,120.9357,157.1906,110.2278,111.7725,108.4753,148.314,108.4135,111.0987,110.341,103.7483,402.7677,103.8371,136.1438,141.77,120.6279,133.7151,138.467,186.4331,109.9624,98.52452,120.0386,116.6035,112.62,132.3036,119.7805,119.3574,98.63792,110.4132,123.7987,104.015,108.0811,107.9714,148.515,114.6303,103.097,109.1703,125.0052,133.6833,118.6645,153.6725,122.8609,164.8,108.4191,114.4712,110.1138,117.5961,106.8481,108.6781,113.859,118.8342,201.8879,133.6669,120.6037,104.4469,107.6008,124.3549,112.0675,108.7648,123.7085,133.0607,108.3424,139.1003,113.5485,108.4321,135.2141,149.5849,105.9398,119.9521,108.2933,108.4237,148.5802,118.3545,103.5197,142.2099,152.1586,155.7909,119.5143,96.79748,107.345,111.1423,198.9822,130.4625,117.7488,149.9146,NA,111.8394,148.7223,128.9225,108.659,111.7069,108.9234,108.1377,139.6105,144.3524,137.4662,120.8162,148.5129,110.7178,112.3685,110.1672,141.44,111.3493,134.6948,126.9456,121.6985,243.8722,113.4893,130.2591,167.8706,141.9694,111.0494,110.011,160.9111,116.6094,111.9113,154.4585,121.9059,119.0887,117.3428,109.9578,108.905,127.4077,112.0084,112.8871,117.3301,156.3626,122.9014,149.931,117.5947,105.8538,115.5005,125.0684,137.1814,108.8942,110.5039,139.0094,145.503,161.2419,146.9027,109.2636,108.1909,104.5218,138.4346,119.3716,118.8396,111.3002,112.0816,145.106,146.8822,113.44,144.2783,128.4483,149.7013,105.903,155.5747,154.7392,109.3822,105.8083,877.1972,150.6587,120.8208,110.4576,197.8672,132.7561,148.3835
2016,145.9464,112.9599,111.8855,126.1977,128.5655,111.1915,113.2435,135.9781,165.9267,112.4035,110.8383,108.2164,156.4914,107.5476,114.2078,109.9588,102.6412,450.4102,104.5103,141.0794,154.1595,122.1742,139.5684,142.3233,224.0599,111.5334,98.09633,124.584,119.0775,113.4144,136.1217,123.0719,128.3252,95.22164,108.8581,123.778,102.5284,108.8198,108.4933,202.1101,117.7694,103.3355,109.4432,127.023,141.4313,121.2544,164.7684,124.9843,187.5583,108.1993,114.6419,110.5268,122.1409,107.044,110.9677,114.6101,121.3558,218.3876,143.3294,122.3065,103.5846,109.3767,129.8868,113.0044,109.5812,126.6913,136.6861,107.1235,158.3431,113.9969,109.1981,139.9815,156.9866,105.9486,121.9875,107.7031,108.3243,152.0697,117.4318,103.3989,162.6328,161.7719,156.4066,123.1258,NA,106.6042,112.2222,406.4075,132.5472,116.7981,163.1584,NA,108.3802,160.2724,137.4938,109.643,112.0318,109.0868,109.9061,148.5224,153.9588,138.157,124.2253,202.5115,110.4528,110.3373,110.8791,153.4904,111.0616,158.1541,128.8139,122.8662,296.8195,115.8367,138.9985,194.2193,146.9705,111.4011,113.9164,175.0558,118.6119,113.1526,160.254,122.8055,123.3676,118.814,109.243,109.5665,132.6087,111.7637,115.9086,115.5059,167.3743,131.7188,157.2684,120.0095,106.7314,114.8857,125.7094,152.1113,109.5521,111.1382,140.5695,160.0255,169.9956,228.4108,108.6954,108.1314,105.5506,149.2979,118.1594,114.6327,112.2672,112.2926,153.8692,144.9161,116.3646,148.7061,133.215,161.3407,107.3777,163.6155,169.6552,110.7621,105.65,3113.599,154.6815,137.6035,111.8962,NA,141.1736,174.8992
2017,153.2113,115.2081,114.0861,127.3832,131.5174,113.8963,115.6004,153.4437,192.5622,114.7932,110.9127,108.6172,165.4146,109.7648,115.7922,111.6283,103.9226,477.5786,105.7304,145.0576,159.4724,127.8678,144.767,147.0392,NA,113.3145,98.61996,127.303,120.8839,114.1923,150.5936,NA,133.8616,NA,109.7115,125.7908,103.0736,111.4865,110.3788,256.7904,118.4385,103.6983,110.6987,131.1888,149.819,123.5381,174.5769,125.5056,242.8917,110.3158,118.5564,111.3528,126.2339,108.149,112.8908,117.6852,128.6701,237.8571,153.3176,123.2169,104.7459,110.3703,135.6336,115.171,111.3803,128.567,142.0639,108.3333,181.5769,116.6753,111.0302,145.3131,162.2114,106.3094,124.1355,107.964,109.6529,158.7429,121.3362,103.882,174.737,174.6878,161.3641,126.7113,NA,107.2275,114.4043,616.9705,133.6408,122.0368,183.4221,NA,108.5085,172.4538,144.3553,113.7248,113.9708,112.2731,110.7355,158.2808,166.7131,141.9103,131.7303,257.5732,111.9457,112.2506,112.3912,177.9994,113.6971,182.0562,131.7177,127.3992,332.9675,120.2381,147.5541,226.2694,152.6317,112.94,116.0524,180.7082,119.6318,114.9598,166.801,123.883,126.8267,122.2039,111.4306,111.0661,137.4007,112.0017,116.3663,117.0587,173.5393,142.6245,162.844,119.0057,108.1288,115.5478,126.3237,179.8257,110.6631,112.3006,144.9708,176.7258,179.6689,278.7058,110.1214,109.6767,107.4447,158.5862,121.535,NA,111.4121,113.0399,165.008,145.7236,125.0107,151.5076,140.3144,179.3211,108.0443,172.853,180.2045,113.1215,107.925,NA,160.1247,155.0718,113.7284,NA,148.6171,186.4029
2018,154.4848,117.5585,117.9656,130.6827,134.7208,NA,117.4959,156.6967,190.6067,116.9074,111.6443,110.1077,173.0569,112.3887,118.3757,NA,105.0442,498.7386,105.9352,148.1706,164.8511,NA,NA,151.2098,NA,115.8027,99.543,130.1455,123.048,114.5647,NA,NA,137.9805,NA,110.6033,128.3271,104.3697,113.7514,112.2929,266.8653,118.2469,NA,111.5939,135.7184,154.4935,125.9814,185.2947,125.2187,274.65,111.9495,122.4121,112.3348,130.0667,110.0716,NA,120.2121,131.7927,253.5824,NA,127.8091,105.3253,NA,140.3496,115.7599,113.3661,131.2833,147.7103,109.7388,196.2968,119.7687,112.9889,149.6418,168.1896,106.8427,127.0513,108.6584,110.8785,163.5212,126.5399,104.7504,NA,182.68,163.9561,129.1089,NA,NA,116.1513,638.401,136.1609,128.6273,204.4349,NA,NA,178.0861,149.4455,116.591,115.5105,114.9237,112.6969,162.9664,NA,141.289,137.521,267.6699,113.493,114.4614,113.2148,191.8851,116.5924,188.8012,134.6473,131.6688,367.9554,121.328,152.9905,250.1018,159.6263,114.734,118.9549,184.4726,122.268,115.8087,174.2225,124.8715,128.2785,128.136,113.2337,112.1183,142.4404,111.6628,116.7048,122.245,177.9008,142.2497,169.0513,122.2601,108.2368,115.9989,130.2227,198.7745,111.827,NA,147.5985,189.3271,187.4116,296.1406,112.76,111.4487,109.255,162.5731,124.9203,NA,112.2672,114.2121,169.0497,148.3684,NA,152.7066,149.8174,204.9831,109.5522,177.019,193.0755,115.7392,109.9,NA,165.4669,158.8692,116.7372,NA,154.6577,199.2744
