Period,Afghanistan,Angola,Albania,United Arab Emirates,Argenti0,Armenia,Developing Asia,Antigua and Barbuda,Australia,Austria,Azerbaijan,Burundi,Belgium,Benin,Burki0 Faso,Bangladesh,Bulgaria,Bahrain,Bahamas,Bosnia and Herzegovi0,Belarus,Belize,Bolivia,Brazil,Barbados,Brunei Darussalam,Bhutan,Botswa0,Central African Republic,Ca0da,Switzerland,Chile,Chi0,Cote d'Ivoire,Cameroon,"Congo, Dem. Rep.","Congo, Rep.",Colombia,Comoros,Cabo Verde,Costa Rica,Cyprus,Czech Republic,Germany,Developing Countries,Djibouti,Dominica,Denmark,Dominican Republic,Algeria,East Asia & Pacific developing,Europe & Central Asia developing,Ecuador,"Egypt, Arab Rep.",Eritrea,Spain,Estonia,Ethiopia,Finland,Fiji,France,"Micronesia, Fed. Sts.",Gabon,United Kingdom,Georgia,Gha0,Guinea,"Gambia, The",Guinea-Bissau,Equatorial Guinea,Greece,Gre0da,Guatemala,Guya0,High Income Countries,"Hong Kong SAR, Chi0",Honduras,Croatia,Haiti,Hungary,High income: OECD,Indonesia,India,Ireland,"Iran, Islamic Rep.",Iraq,Iceland,Israel,Italy,Jamaica,Jordan,Japan,Kazakhstan,Kenya,Kyrgyz Republic,Cambodia,Kiribati,St. Kitts and Nevis,"Korea, Rep.",Kuwait,Latin America & Caribbean developing,"Lao, PDR",Lebanon,Liberia,Libya,St. Lucia,Low Income,Sri Lanka,Lesotho,Lithuania,Luxembourg,Latvia,Morocco,"Moldova, Rep.",Madagascar,Maldives,Mexico,Middle Income Countries,"Macedonia, FYR",Mali,Malta,Myanmar,Middle East & N. Africa developing,Montenegro,Mongolia,Mozambique,Mauritania,Mauritius,Malawi,Malaysia,0mibia,Niger,Nigeria,Nicaragua,Netherlands,Norway,Nepal,New Zealand,High Income: Non-OECD,Oman,Pakistan,Pa0ma,Peru,Philippines,Papua New Guinea,Poland,Portugal,Paraguay,West Bank and Gaza,Qatar,Romania,Russian Federation,Rwanda,South Asia developing,Saudi Arabia,Sudan,Senegal,Singapore,Solomon Islands,Sierra Leone,El Salvador,San Marino,Serbia,South Sudan,Sub-Saharan Africa developing,Sao Tome and Principe,Suri0me,Slovakia,Slovenia,Sweden,Swaziland,Seychelles,Syrian Arab Republic,Chad,Togo,Thailand,Tajikistan,Turkmenistan,Timor-Leste,Tonga,Trinidad and Tobago,Tunisia,Turkey,"Taiwan, Chi0","Tanzania, United Rep.",Uganda,Ukraine,Uruguay,United States,Uzbekistan,St. Vincent and the Gre0dines,"Venezuela, RB",Viet0m,Vanuatu,World (WBG members),Samoa,"Yemen, Rep.",South Africa,Zambia,Zimbabwe
1989,0,0,0,3.675,0,0,213.1695,0,1.262848,0.896299,0,0,0.896299,0,0,0,0,0.378007,0,0,0,0,0,0,0,0,16.19991,0,0,1.184331,1.635573,265.1122,3.770805,0,0,0,0,0,0,0,0,0.896299,0,0.896299,0,0,0,7.314897,0,0,271.3152,0,1,0,0,0.896299,0.896299,0,0.896299,0,0.896299,0,0,0.610831,0,0,0,0,0,0,0.896299,0,0,0,36.633,7.80099,0,0,0,0,38.45015,0,16.19991,0.896299,0,0,0,1.875772,0.896299,0,0.616087,138.002,0,20.51144,0,0,0,0,674.3491,0.294522,0,0,0,0,0,0,0,36.06009,2.621661,0.896299,0.896299,0.896299,8.531461,0,0,0,2.498152,0,0,0,0.896299,0,0,0,0,0,0,0,0,2.708065,2.621661,0,0,0,0.896299,6.909389,0,1.669612,3.03925,0.385931,20.44018,1,0,0,0,0,0.896299,0,1,3.643873,0.001,0,0,17.50278,3.7512,0,0,1.95107,0,0,0,0,0,0,0,0,0,0.896299,0.896299,6.452838,2.621661,0,0,0,0,25.71353,0,0,0,1.255689,0,0.951758,0.002,26.41107,138.593,0,0,0,1,0,0,0,0,0,85.26528,0,0,2.621661,0,0
1990,0,0,0,3.674964,0,0,242.0275,0,1.279588,0.771656,0,0,0.771656,0,0,0,0,0.377399,0,0,0,0,0,0,0,0,17.49711,0,0,1.167017,1.390102,303.5003,4.79474,0,0,0,0,0,0,0,0,0.771656,0,0.771656,0,0,0,6.189799,0,0,323.2098,0,1,0,0,0.771656,0.771656,0,0.771656,0,0.771656,0,0,0.562736,0,0,0,0,0,0,0.771656,0,0,0,38.52138,7.790299,0,0,0,0,40.44055,0,17.49711,0.771656,0,0,0,2.023328,0.771656,7.880317,0.669716,144.8216,0,22.85364,0,0,0,0,710.4328,0.290903,0,0,0,0,0,0,0,40.0736,2.5874,0.771656,0.771656,0.771656,8.295228,0,0,0,2.834449,0,0,0,0.771656,0,0,0,0,0,0,0,0,2.704993,2.5874,0,0,0,0.771656,6.260975,0,1.674323,3.015144,0.385735,21.62966,1,0,0,0,0,0.771656,0,1,3.644763,0.001968,0,0,18.89597,3.751429,0,0,1.813648,0,0,0,0,0,0,0,0,0,0.771656,0.771656,5.922493,2.5874,0,0,0,0,25.60794,0,0,0,1.277075,0,0.886162,0.002785,26.87954,190.4714,0,0,0,1,0,0,0,0,0,90.01011,0,0,2.5874,0,0
1991,0,0,0,3.675188,0,0,282.4442,0,1.283241,0.793838,0,0,0.793838,0,0,0,0,0.376336,0,0,0,0,0,0,0,0,22.694,0,0,1.14618,1.434147,345.2498,5.334967,0,0,0,0,0,0,0,0,0.793838,0,0.793838,0,0,0,6.395774,0,0,350.6194,0,1,0,0,0.793838,0.793838,0,0.793838,1.471812,0.793838,0,0,0.566692,0,0,0,0,0,0,0.793838,0,0,0,38.05894,7.771253,0,0,0,0,39.95394,1981.605,22.694,0.793838,0,0,0,2.265286,0.793838,12.00194,0.678318,134.514,0,27.3711,0,0,0,0,736.4815,0.287805,0,0,0,0,0,0,0,41.317,2.759186,0.793838,0.793838,0.793838,8.630828,0,0,0,3.018321,0,0,0,0.793838,0,0,0,0,0,0,0,0,2.749928,2.759186,0,0,0,0.793838,6.48332,0,1.727868,3.003357,0.384009,23.63725,1,0,26.09731,0,0,0.793838,0,1,3.641929,0.005895,0,0,23.76152,3.751893,0,0,1.728129,0,0,0,0,0,0,0,0,0,0.793838,0.793838,6.045018,2.759186,0,0,0,0,25.528,0,0,0,1.282856,0,0.915692,0.004163,26.80095,216.8271,0,0,0,1,0,0,0,0,0,89.6655,0,0,2.759186,0,0
1992,0,0,0,3.673874,0.991757,0,290.6883,0,1.361321,0.756699,0,0,0.756699,0,0,0,0,0.376402,0,0,0,0,0,0.001787,0,0,28.1075,2.214215,0,1.208819,1.406816,352.8247,5.52812,0,0,0,0,710.4072,0,0,0,0.756699,0,0.756699,204.0909,0,0,6.041073,0,0,359.0214,0,1,0,0,0.756699,0.756699,0,0.756699,1.502893,0.756699,0,0,0.569635,0,0,0,0,0,0,0.756699,0,0,0,38.2257,7.741057,0,0,0,0,40.13041,2029.388,28.1075,0.756699,0,0,63.23714,2.458644,0.756699,22.86583,0.674707,126.7324,0,32.10447,0,0,0,0,782.8086,0.294202,0,0,0,0,0,0,0,43.67279,2.853479,0.756699,0.756699,0.756699,8.401817,0,0,0,3.094948,204.2733,0,0,0.756699,0,0,0,0,0,0,0,0,2.547163,2.853479,0,0,0,0.756699,6.217581,0,1.858529,2.985998,0.38537,25.0125,1,1.493951,25.19014,0,0,0.756699,0,1,3.641552,0.030377,0,0,28.79389,3.750847,0,0,1.629747,0,0,0,0,0,0,0,0,0,0.756699,0.756699,5.831442,2.853479,0,0,0,0,25.41145,0,0,0,1.365586,0,0.876563,0.006847,25.14634,292.3404,0,0,0,1,0,0,0,0,0,91.20521,0,0,2.853479,0,0
1993,0,4903.561,110.0993,3.675296,0.998979,0,299.62,2.69682,1.471305,0.839725,0,249.1842,0.839725,0,0,39.50784,0.028239,0.377388,0,0,0,0,4.335714,0.032091,2.001234,1.602944,31.19234,2.406518,0,1.290285,1.477842,404.3905,5.789435,291.4049,0,142.0133,0,786.2383,0,0,0,0.839725,29.48759,0.839725,212.5833,0,0,6.485167,12.82017,21.66599,369.0853,0,1,3.343685,0,0.839725,0.839725,4.931524,0.839725,1.540692,0.839725,0,0,0.665619,0,0,0,8.869885,0,0,0.839725,0,5.780117,0,37.04708,7.736293,6.827153,0,11.99156,95.96055,38.88828,2085.491,31.19234,0.839725,586.7099,0,67.69555,2.823025,0.839725,24.86494,0.68971,111.2102,0,63.13229,0,0,0,0,802.4785,0.302751,61.7401,0,1723.989,0,0,0,0,47.9999,3.269305,0.839725,0.839725,0.839725,9.200655,0,0,0,3.114815,212.4279,0,0,0.839725,0,0,0,399.637,4.330081,115.532,17.96212,4.376156,2.574563,3.269305,0,0,6.198998,0.839725,7.104498,0,1.847905,2.990574,0.385476,28.06796,1,1.986877,27.03404,1.011313,1.949636,0.839725,1764.977,1,3.644102,0.075193,1.115696,143.7856,31.96946,3.752994,0,0,1.616265,3.187866,0,8.718306,0,0,0,0,0,0,0.839725,0.839725,7.789376,3.269305,5.156782,0,0,0,25.32493,0,0,0,1.477329,5.50833,0.985168,0.010967,26.36889,403.8392,1175.038,0,4.137062,1,0,0,0,10698.57,122.3616,91.83828,0,16.48504,3.269305,0,0
1994,0,122750.8,104.3122,3.674759,0.998998,0,310.0265,2.699279,1.36714,0.831726,0,255.5025,0.831726,0,0,39.89553,0.054118,0.377054,0,0,7.439992,0,4.615343,0.638295,2.005191,1.531239,31.40005,2.671815,0,1.365952,1.367048,420.1979,8.610021,545.2111,0,0.02568,0,826.3513,0,0,156.5839,0.831726,28.71848,0.831726,763.6752,0,0,6.354598,13.08502,35.04934,382.0753,10.31057,1,3.379747,0,0.831726,0.831726,5.228127,0.831726,1.463454,0.831726,0,0,0.653048,1.992326,0.093611,982.4069,9.223194,0,0,0.831726,0,5.743894,0,35.97932,7.728617,8.211938,0,14.32288,105.1999,37.76267,2158.766,31.40005,0.831726,1747.971,0,69.96612,2.988876,0.831726,32.82138,0.699255,102.1998,49.67281,55.92481,10.77149,0,0,0,801.4042,0.298336,65.30568,0,1680.08,0,0,0,0,49.17101,3.548696,0.831726,0.831726,0.831726,9.154454,4.248404,577.3731,0,3.384736,769.0891,0,0,0.831726,0,906.7641,0,400.6506,5.823518,122.1226,17.9946,7.913109,2.6237,3.548696,0,21.99364,6.691447,0.831726,7.054266,48.7491,1.685766,2.997259,0.38502,30.54292,1,2.196081,26.31892,1.071786,2.273268,0.831726,1867.659,1,3.642349,0.165208,2.194338,141.5105,32.41649,3.752298,0,0,1.527152,3.25368,0,8.722047,0,0,0,0,0,0,0.831726,0.831726,7.708281,3.548696,5.042479,0,0,0,25.15926,0,0,0,1.368041,5.675673,1.017176,0.029904,26.43539,512.4533,942.3165,0.813481,5.054092,1,66.89833,0,0,10945.17,115.0205,259.2431,0,30.28067,3.548696,0.675617,0
1995,0,516812.7,101.889,3.672901,1.000783,0,317.3325,2.699899,1.349536,0.754546,0.994181,246.7279,0.754546,0,0,39.94192,0.067182,0.377,0,0,11.83091,0,4.806645,0.916864,2.010338,1.417568,32.41393,2.766063,0,1.372213,1.181657,396.8102,8.351316,498.4525,0,0.16879,0,912.5887,0,0,179.6784,0.754546,26.45389,0.754546,2433.317,0,0,5.602943,13.72334,47.18998,391.0209,13.26363,1,3.394015,0,0.754546,0.754546,5.885337,0.754546,1.406098,0.754546,0,0,0.633476,1.522812,0.119595,-193765.9,9.49404,0,0,0.754546,0,5.786688,0,34.04588,7.73472,9.322604,0,18.86113,125.6555,35.72466,2243.652,32.41393,0.754546,2492.591,0,64.70233,3.008456,0.754546,34.94191,0.700057,94.05987,61.00108,51.3327,10.81717,0,0,0,768.6489,0.298617,72.05672,0,1620.912,0,0,0,-6871.209,50.83521,3.625699,0.754546,0.754546,0.754546,8.497783,4.495744,787.5556,0,6.411974,2528.908,0,0,0.754546,0,1261.685,0,431.7981,8.764123,128.5093,17.72905,15.16608,2.506637,3.625699,0,21.97692,7.516208,0.754546,6.335676,50.50358,1.52379,3.006061,0.385082,31.62023,1,2.252892,25.67634,1.279573,2.41369,0.754546,1876.751,1,3.640729,0.203321,4.558777,202.5231,33.40406,3.750883,0,0,1.416833,3.25946,0,8.722531,0,0,0,51179.36,0,0,0.754546,0.754546,7.135,3.625699,4.779408,0,0,0,24.91782,0,0,0,1.317796,5.806744,0.942657,0.045993,26.45943,561.8346,957.5334,1.503331,6.319777,1,35.30862,0,0,11005.64,111.877,767.5124,0,12,3.625699,0.854549,0
1996,0,110941.4,101.8028,3.672184,1.000144,0,324.59,2.699928,1.277522,0.774461,0.862322,269.0391,0.774461,0,0,41.40094,0.178242,0.377,0,0,14.37509,0,5.083509,1.004734,2.010382,1.409886,35.39531,3.312563,0,1.363538,1.236244,412.2705,8.314231,511.2569,0,1.338596,0,1035.934,0,0,207.8522,0.774461,27.14368,0.774461,756.3211,0,0,5.796412,13.78864,54.5089,399.361,14.7562,1,3.396086,0,0.774461,0.774461,6.189673,0.774461,1.403071,0.774461,0,0,0.640542,1.256133,0.163479,997.5312,9.800371,0,0,0.774461,0,6.088241,0,36.87031,7.734012,11.48801,5.400074,15.84056,152.1507,38.69967,2327.331,35.39531,0.774461,3000,0,66.5311,3.185648,0.774461,36.92608,0.709333,108.7941,67.2718,56.50295,12.76529,0,0,0,801.4743,0.299524,81.42514,0,1571.877,0,0,0,301.3313,55.15848,4.297124,0.774461,0.774461,0.774461,8.686551,4.609594,769.4068,0,7.59371,761.2891,0,0,0.774461,0,1505.058,0,464.8713,11.05769,136.8589,19.62583,15.21854,2.515131,4.297124,0,21.9229,8.405404,0.774461,6.454475,56.23779,1.454165,3.035847,0.384989,36.02613,1,2.4487,26.20285,1.318893,2.695656,0.774461,2040.461,1,3.640959,0.308276,5.123481,254.5028,36.48035,3.750893,0,0,1.409697,3.519796,0,8.744298,0,0,0,11426.46,0,0,0.774461,0.774461,6.705303,4.297124,4.982745,0,0,0,25.34846,0,0,0,1.228047,5.91467,0.976596,0.081663,27.44506,552.4269,1034.597,1.831913,7.892848,1,40.0468,0,0,11017.34,111.5069,257.6451,2.448386,63.3997,4.297124,1.188577,0
1997,0,228814.8,148.6727,3.672193,0.999992,0,375.5981,2.696925,1.347961,0.884346,0.797781,327.3213,0.884346,0,0,43.51249,1.589017,0.377,0,0,120.1421,0,5.252101,1.077677,2.011,1.47869,36.32046,3.635113,0,1.384866,1.45041,419.241,8.289856,583.2923,0,3.828133,0,1140.798,442.7626,0,232.6354,0.884346,31.68028,0.884346,1298.935,0,0,6.604519,14.17362,57.61363,463.2405,21.54837,1,3.392245,0,0.884346,0.884346,6.494052,0.884346,1.442449,0.884346,0,0,0.610184,1.297432,0.203571,1077.63,10.02055,0,0,0.884346,0,6.040533,0,42.22784,7.742839,12.98702,6.101022,16.47009,186.7131,44.34357,2879.775,36.32046,0.884346,3000,0,70.76866,3.442525,0.884346,35.24047,0.708018,121.0616,75.44886,58.88013,17.3685,0,0,0,948.9998,0.303436,89.15654,0,1539.363,0,0,0,335.737,58.92144,4.606554,0.884346,0.884346,0.884346,9.495441,4.624374,925.5804,11.73539,7.91918,1309.313,46.93472,0,0.884346,0,1506.167,0,643.2898,11.29327,151.1429,20.95632,16.27818,2.815463,4.606554,0,21.8902,9.413841,0.884346,7.078857,57.03794,1.51343,3.09605,0.385,41.05596,1,2.660036,29.56925,1.437601,3.277342,0.884346,2163.663,1,3.64066,0.711152,5.783412,303.3303,37.91027,3.750973,0,0,1.485407,3.661672,0,8.754148,0,0,0,23470.15,0,0,0.884346,0.884346,7.639589,4.606554,5.031991,0,0,0,30.99278,0,0,0,1.260884,6.159568,1.104341,0.152406,28.65708,603.9837,1070.106,1.861524,9.376761,1,66.44016,0,0,11667.96,115.8155,427.1702,1.356314,121.5939,4.606554,1.297396,0
1998,0,273251.9,152.4996,3.673,1,0,960.3862,2.697102,1.591508,0.898666,0.773661,383.6216,0.898666,0,0,46.54472,1.754463,0.376992,0,0,46.46736,0,5.51542,1.160159,2.011034,1.671438,41.23745,4.213878,0,1.483375,1.449964,460.1817,8.27909,589.5096,0,4.105668,0,1425.417,444.5627,0,256.6356,0.898666,32.25831,0.898666,1799.467,0,0,6.701899,15.17376,58.75077,1198.586,24.19654,1,3.407836,0,0.898666,0.898666,6.963732,0.898666,1.969878,0.898666,0,0,0.603511,1.391571,0.231976,1229.96,10.62553,0,0,0.898666,0,6.368291,0,54.67172,7.746538,13.40694,6.362812,16.91936,214.2937,57.45759,10193.98,41.23745,0.898666,2967.532,0,70.99836,3.793405,0.898666,36.20309,0.708654,130.7625,78.29198,60.34299,20.72089,0,0,0,1398.074,0.304797,110.7181,0,1515.655,0,0,0,375.5539,64.65972,5.528227,0.898666,0.898666,0.898666,9.585367,5.373974,1041.772,11.76947,9.144253,1814.756,54.70955,0,0.898666,0,1490.202,0,814.7779,11.76162,186.8626,23.89479,30.86096,3.920548,5.528227,0,21.89,10.55044,0.898666,7.550207,62.11449,1.867808,3.143466,0.384988,47.26984,1,2.925183,40.75719,2.07334,3.491285,0.898666,2702.189,1,3.640982,0.886853,9.938847,325.9846,42.85173,3.751251,0,0,1.671595,4.458762,0,8.755222,0,0,0,28017.21,0,0,0.898666,0.898666,7.954721,5.528227,5.253524,0,0,0,41.22878,0,0,0,1.484237,6.178172,1.132477,0.261689,33.38353,650.9714,1235.383,2.44732,10.46059,1,94.48048,0,0.564333,13255.24,127.8731,588.9962,0.341372,129.9111,5.528227,1.818064,0
1999,0,168333.9,137.4677,3.672881,0.999656,0,788.4213,2.697299,1.549667,0.938529,0.82484,557.6646,0.938529,0,0,48.95126,1.82813,0.377,0,0,250.1128,0,5.790555,1.814313,1.986112,1.692538,43.05785,4.611682,0,1.48534,1.501994,509.075,8.278342,615.2676,0,4.34957,0,1758.157,455.6788,0,283.9584,0.938529,34.61785,0.938529,1237.672,0,0,6.979607,15.91855,66.13413,981.3968,52.2059,1,3.416931,0,0.938529,0.938529,7.760558,0.938529,1.969875,0.938529,0,0,0.618137,2.016335,0.267476,1337.536,11.49755,0,0,0.938529,0,7.326817,0,47.76816,7.759045,14.23907,7.129073,16.96641,237.1898,50.17866,7854.986,43.05785,0.938529,1962.453,0,72.38979,4.138202,0.938529,38.89512,0.710064,113.7488,119.6641,70.33253,38.90442,0,0,0,1188.284,0.304404,134.971,0,1505.053,0,0,0,430.9646,70.62661,6.112958,0.938529,0.938529,0.938529,9.794806,10.50421,1214.513,11.42382,9.556952,1246.429,57.13469,0,0.938529,0,1011.143,0,988.8933,12.64416,209.2126,25.14816,43.93182,3.800031,6.112958,0,94.50989,11.74696,0.938529,7.799314,68.11184,1.889344,3.183611,0.384982,51.28692,1,3.382244,39.08863,2.578299,3.966014,0.938529,3115.064,1,3.640631,1.529019,24.85553,332.7068,45.04418,3.750758,0,0,1.694527,4.888571,0,8.724809,0,0,0,17352.15,0,0,0.938529,0.938529,8.264575,6.112958,5.328385,0,0,0,37.84463,0,0,0,1.612605,6.182021,1.185333,0.421006,32.25362,739.1883,1456.061,4.197832,11.32693,1,124.6243,0,0.605929,13934.26,129.1716,412.493,0.694723,145.2801,6.112958,2.433617,0
2000,47.35757,9.427331,143.8515,3.672996,0.999891,539.5258,834.2269,2.688208,1.725241,1.085006,0.894907,712.6684,1.085006,711.9763,711.9763,52.16336,2.113764,0.377,1,2.105348,716.8768,2,6.149924,1.829969,1.98448,1.724425,44.94066,5.098601,711.9763,1.48509,1.688186,539.6039,8.278492,711.7788,711.9763,19.88584,711.9763,2090.223,531.3661,115.8766,307.1207,1.085006,38.61618,1.085006,531.2445,177.721,2.7,8.087996,15.95212,73.93433,1038.535,78.87291,1,3.538031,9.625,1.085006,1.085006,8.094938,1.085006,2.127062,1.085006,1,711.9763,0.660666,1.974405,0.559407,1668.551,13.04138,711.9763,711.9763,1.085006,2.7,7.756432,182.43,46.02148,7.792159,14.82031,8.288204,21.16805,282.4244,48.33449,8404.046,44.94066,1.085006,1751.348,2002.403,78.84064,4.078275,1.085006,42.41715,0.710447,107.8014,142.1909,76.18743,47.72159,3840.75,1.724827,2.7,1131.499,0.306873,158.5175,7887.643,1510.783,40.9025,0.51219,2.7,485.9391,76.82271,6.942925,1.085006,1.085006,1.085006,10.62598,12.44688,1319.522,11.698,9.460305,531.9363,65.19079,711.9763,1.085006,6.516725,912.2553,1.085401,1073.665,15.5695,239.2173,26.19712,59.38487,3.800035,6.942925,711.9763,104.9727,12.25665,1.085006,8.802373,71.04474,2.201445,3.240538,0.385,53.91906,1,3.48843,44.25936,2.760973,4.344703,1.085006,3490.637,1,3.640606,2.169302,28.1542,353.8024,47.19529,3.750846,2.563164,711.9763,1.724528,5.078504,2051.618,8.737525,1.085401,63.1659,0,186.9054,7.978172,1.322491,1.085006,1.085006,9.168,6.942925,5.699484,11.225,711.9763,711.9763,40.1867,2.07625,5200,1,1.745578,6.226932,1.370274,0.625077,31.2372,800.0615,1648.146,5.471941,12.10027,1,236.4215,2.7,0.679871,14166.81,137.8611,195.585,3.274839,159.697,6.942925,3.27304,0
2001,47.50001,21.18326,143.6285,3.672996,0.999886,555.0783,984.5627,2.67911,1.933352,1.116861,0.930965,820.9651,1.116861,733.0385,733.0385,55.94687,2.176986,0.377,1,2.172686,1382.86,2,6.608262,2.350971,1.989519,1.791934,47.17988,5.837526,733.0385,1.548831,1.687183,635.2008,8.277149,732.5576,733.0385,196.3631,733.0385,2299.944,549.7859,123.2133,328.9421,1.116861,38.01379,1.116861,612.6046,177.721,2.7,8.323718,16.30078,75.09137,1227.094,94.59431,1,4.051968,11.30945,1.116861,1.116861,8.335794,1.116861,2.276061,1.116861,1,733.0385,0.694254,2.072873,0.730594,1920.538,16.20915,733.0385,733.0385,1.116861,2.7,7.837255,187.3208,52.10794,7.799493,15.4581,8.349545,24.27723,286.5553,54.74833,10256.08,47.17988,1.116861,1752.552,2002.405,97.69443,4.207035,1.116861,45.73703,0.710334,121.5112,146.7871,78.54583,48.4401,3916.333,1.933443,2.7,1289.604,0.306618,175.4253,8954.583,1511.834,48.59191,0.605064,2.7,527.0047,89.42545,8.615467,1.116861,1.116861,1.116861,11.29871,12.86109,1293.981,11.73862,9.336382,613.8988,67.34675,733.0385,1.116861,6.748908,913.165,1.11751,1097.567,20.58492,255.0494,29.1015,72.27522,3.800308,8.615467,733.0385,115.623,13.35465,1.116861,8.986244,75.12451,2.378761,3.271717,0.38498,61.72526,1,3.506501,50.96293,3.3631,4.094145,1.116861,4109.405,1,3.640569,2.905364,29.20034,420.155,50.28846,3.750512,2.572601,733.0385,1.792073,5.280893,1947.699,8.751276,1.11751,65.48462,0,201.5257,8.842109,2.178182,1.116861,1.116861,10.33662,8.615467,5.865,11.225,733.0385,733.0385,44.49055,2.372192,5200,1,2.16478,6.151704,1.438051,1.231946,33.80482,877.7072,1757.001,5.371607,13.3028,1,423.0287,2.7,0.723864,14800.18,145.723,224.8734,3.517049,166.3495,8.615467,3.666345,0
2002,47.263,42.13728,140.2128,3.672996,3.09818,573.3533,919.6234,2.695356,1.839996,1.060727,0.972097,918.0241,1.060727,696.9882,696.9882,57.50228,2.068852,0.376996,1,2.063106,1783.401,2,7.169328,2.921882,1.990103,1.791837,48.59392,6.320055,696.9882,1.570065,1.556103,689.3298,8.277019,696.6725,696.9882,342.2179,696.9882,2507.97,520.0843,117.2558,359.6596,1.060727,32.70899,1.060727,701.2887,177.721,2.7,7.883068,17.8398,78.19056,1144.977,116.869,1,4.628127,13.95819,1.060727,1.060727,8.42886,1.060727,2.181063,1.060727,1,696.9882,0.666393,2.193968,0.794288,1969.719,19.62111,696.9882,696.9882,1.060727,2.7,7.823462,190.665,51.75664,7.799601,16.42794,7.864606,28.72014,257.6781,54.35073,9319.032,48.59392,1.060727,6397.503,2002.373,91.55617,4.737559,1.060727,48.39701,0.708261,125.2378,153.2829,78.73015,46.93958,3912.083,1.840563,2.7,1249.955,0.304018,196.9583,10056.33,1513.132,61.75417,1.270679,2.7,548.0167,95.61231,10.50244,1.060727,1.060727,1.060727,11.02341,13.57441,1299.795,11.9421,9.666311,703.6009,64.03629,696.9882,1.060727,6.642083,2623.283,1.062552,1103.809,23.27155,273.2109,29.95288,76.21234,3.800449,10.50244,696.9882,122.3799,14.21896,1.060727,7.98091,77.24381,2.160352,3.776961,0.384992,59.54147,1,3.516692,51.60771,3.878456,4.078998,1.060727,5714.212,1,3.640944,3.305855,31.38375,467.6807,51.52162,3.750105,2.58475,696.9882,1.79071,6.662652,2058.393,8.74547,1.062552,64.39825,0,207.1849,9.088325,2.34675,1.060727,1.060727,9.716934,10.50244,5.621681,11.225,696.9882,696.9882,43.00239,2.764133,0,1,2.240313,6.113383,1.421417,1.515001,34.53488,966.5857,1803.692,5.326749,21.13171,1,769.4072,2.7,1.16177,15266.81,139.2535,251.9211,3.427292,174.7641,10.50244,4.486478,0
2003,48.76275,73.68965,121.2606,3.673,2.947487,578.763,865.7572,2.668473,1.540424,0.885048,0.976624,1055.337,0.885048,581.2003,581.2003,58.24018,1.727654,0.377,1,1.723684,2046.418,2,7.647196,3.077289,1.989982,1.74188,46.57471,4.948094,581.2003,1.400429,1.344777,690.577,8.277098,582.0475,581.2003,400.8343,581.2003,2876.913,433.4964,97.7875,398.322,0.885048,28.19233,0.885048,723.5464,177.721,2.7,6.577046,29.18297,76.66543,1077.578,127.9971,1,5.879147,13.87789,0.885048,0.885048,8.462025,0.885048,1.889659,0.885048,1,581.2003,0.612149,2.138336,0.861614,1980.247,27.07617,581.2003,581.2003,0.885048,2.7,7.922605,193.8783,48.94666,7.787172,17.32307,6.697214,39.65249,224.3051,51.38609,8573.788,46.57471,0.885048,8107.914,2026.333,76.68879,4.548483,0.885048,57.14932,0.709165,115.9272,149.1864,75.95249,43.92109,3973.333,1.541914,2.7,1191.873,0.29812,225.3143,10569.04,1510.528,59.37883,1.292944,2.7,548.9368,96.5086,7.546392,0.885048,0.885048,0.885048,9.585386,13.87593,1200.163,12.6871,10.79743,726.1796,53.44189,581.2003,0.885048,6.138925,3255.155,0.886034,1121.703,23.36621,264.1062,28.00254,96.3737,3.8,7.546392,581.2003,133.0417,14.98488,0.885048,7.078966,75.30319,1.720939,3.827561,0.385,57.71377,1,3.478404,54.21943,3.549453,3.887555,0.885048,6471.836,1,3.640566,3.322325,30.6831,524.0089,49.78725,3.750124,2.591662,581.2003,1.742493,7.323479,2302.481,8.744175,0.886034,57.58543,0,203.0368,9.347583,2.601333,0.885048,0.885048,8.07742,7.546392,5.440115,11.225,581.2003,581.2003,41.53441,3.061367,0,1,2.193165,6.150837,1.287864,1.504578,34.40499,1038.181,1963.898,5.33096,28.15112,1,967.0465,2.7,1.610706,15508.93,121.8598,256.8111,3.040193,177.8404,7.546392,4.785115,0
2004,47.84531,83.41305,102.6974,3.673318,2.941212,533.4508,895.8014,2.680006,1.359153,0.804706,0.984235,1074.728,0.804706,528.2848,528.2848,59.31806,1.572305,0.377,1,1.574315,2164.972,2,7.936509,2.926278,1.990707,1.690138,45.30096,4.686265,528.2848,1.301207,1.242523,609.1951,8.276925,528.5464,528.2848,400.0049,528.2848,2627.444,395.9825,88.74792,438.2841,0.804706,25.68242,0.804706,742.982,177.721,2.7,5.987385,40.38536,72.0536,1115.633,129.7654,1,6.205111,13.7875,0.804706,0.804706,8.635842,0.804706,1.729161,0.804706,1,528.2848,0.545796,1.914675,0.896959,2303.908,29.51293,528.2848,528.2848,0.804706,2.7,7.954487,198.3075,46.30885,7.788676,18.20208,6.031654,36.18936,202.4814,48.60662,8933.433,45.30096,0.804706,8611.814,1453.417,70.1646,4.480441,0.804706,60.6847,0.709138,108.1511,135.9826,79.19151,42.6387,4016.25,1.359752,2.7,1145.446,0.294946,207.3849,10585.38,1514.268,54.90583,1.304966,2.7,559.9485,101.1932,6.439562,0.804706,0.804706,0.804706,8.870381,12.21335,1711.964,12.79929,11.28946,745.742,49.85719,528.2848,0.804706,5.805833,3380.314,0.805365,1186.607,22.14928,258.677,27.52894,108.3868,3.8,6.439562,528.2848,133.919,15.82816,0.804706,6.739767,72.44005,1.50802,3.809906,0.385,58.36255,1,3.412594,56.049,3.182736,3.647509,0.804706,5976.76,1,3.641126,3.264298,28.80525,560.293,48.97086,3.750057,2.581962,528.2848,1.690271,7.533229,2648.995,8.752433,0.805365,58.3814,0,202.2566,9.902324,2.735,0.804706,0.804706,7.34514,6.439562,5.26738,11.225,528.2848,528.2848,40.25911,2.970508,0,1,2.015302,6.185644,1.244704,1.42978,33.41655,1089.191,1811.514,5.323488,28.6927,1,1018.995,2.7,1.884667,15740.44,111.9005,260.9526,2.776636,183.3542,6.439562,4.763412,0
2005,49.4946,87.14391,99.84388,3.67311,2.922429,457.6869,956.1149,2.682317,1.312006,0.804595,0.947951,1059.668,0.804595,527.4681,527.4681,64.13773,1.574279,0.377,1,1.574221,2156.145,2,8.060176,2.435281,1.992015,1.664534,44.09727,5.103464,527.4681,1.211619,1.246067,559.5992,8.193666,528.1847,527.4681,476.358,527.4681,2321.304,395.9741,88.64617,478.0301,0.804595,23.96243,0.804595,778.2048,177.721,2.7,5.996605,29.38621,72.56236,1191.764,130.4914,1,5.791322,15.36792,0.804595,0.804595,8.687484,0.804595,1.689155,0.804595,1,527.4681,0.550085,1.811398,0.905387,3579.462,28.49582,527.4681,527.4681,0.804595,2.7,7.642345,199.875,43.3407,7.777605,18.82312,5.954141,39.52876,199.6498,45.48247,9707.895,44.09727,0.804595,8960.63,1472,62.87685,4.48692,0.804595,62.03004,0.708869,110.1454,132.8928,75.50261,41.01983,4092.5,1.309473,2.7,1024.087,0.292,188.2517,10655.17,1508.409,57.09583,1.308385,2.7,608.0957,100.4508,6.36407,0.804595,0.804595,0.804595,8.869223,12.57741,2022.263,12.81499,10.89445,780.771,49.26845,527.4681,0.804595,5.818167,3510.415,0.80412,1201.699,22.835,264.3254,29.38753,118.0587,3.787068,6.36407,527.4681,132.2129,16.35753,0.804595,6.445492,70.93428,1.420339,3.727,0.385012,59.59694,1,3.295881,55.04491,3.059676,3.235343,0.804595,6175.387,1,3.640635,2.91375,28.29264,545.9344,48.35325,3.750332,2.439119,527.4681,1.664452,7.507257,2833.64,8.750717,0.80412,66.71381,0,212.4786,10.55797,2.729852,0.804595,0.804595,7.475822,6.36407,5.294215,11.225,527.4681,527.4681,40.25839,3.116567,0,1,1.951981,6.265362,1.296866,1.347334,32.1657,1125.912,1780.704,5.104416,24.43431,1,1111.993,2.7,2.107185,15855.65,110.5277,269.7224,2.70053,181.7655,6.36407,4.420598,0
2006,49.92533,80.37038,98.10194,3.673234,3.074535,416.0404,915.9411,2.697238,1.327806,0.796692,0.896698,998.5979,0.796692,522.8901,522.8901,68.76855,1.558883,0.377,1,1.558904,2145.842,2,7.997581,2.175136,1.998321,1.588637,45.28342,5.823553,522.8901,1.134457,1.253335,530.4214,7.972375,523.3107,522.8901,464.8104,522.8901,2359.014,392.1064,87.92606,511.4131,0.796692,22.57846,0.796692,764.0066,177.721,2.7,5.9431,33.14111,71.66775,1140.799,130.7876,1,5.741482,15.375,0.796692,0.796692,8.738672,0.796692,1.72959,0.796692,1,522.8901,0.543349,1.77422,0.917861,4965.377,28.13534,522.8901,522.8901,0.796692,2.7,7.604989,200.1883,42.32189,7.768453,18.89475,5.836501,39.62929,210.3684,44.40811,9164.802,45.28342,0.796692,9168.728,1467.417,69.92948,4.456818,0.796692,65.77769,0.708819,116.3824,126.0378,72.0516,40.15543,4103.25,1.327973,2.7,954.6764,0.290087,188.4642,10159.94,1507.496,58.01333,1.313572,2.7,662.6717,103.95,6.768022,0.796692,0.796692,0.796692,8.798523,13.14244,2164.454,12.8,10.90509,765.5392,48.80922,522.8901,0.796692,5.842942,3586.726,0.797141,1180.272,25.86407,271.3506,31.42109,136.0305,3.667415,6.768022,522.8901,128.496,17.35905,0.796692,6.41296,72.43966,1.541501,3.735509,0.385,60.28366,1,3.273889,51.2589,3.035003,3.103283,0.796692,5634.2,1,3.641106,2.807985,27.17852,545.6937,49.7498,3.750536,2.172088,522.8901,1.588889,7.596501,2904.561,8.751902,0.797141,67.14582,0,222.3838,12.44864,2.743482,0.796692,0.796692,7.373693,6.768022,5.512558,11.225,522.8901,522.8901,37.9114,3.298408,0,1,2.027276,6.286991,1.329026,1.436911,32.5276,1251.461,1830.638,5.03812,24.02031,1,1218.928,2.7,2.147,15990.71,111.8687,264.6423,2.756667,196.9919,6.768022,3.593316,0
2007,49.96202,76.80825,90.35014,3.672483,3.115654,342.0791,913.6489,2.69791,1.194876,0.730507,0.860527,1081.734,0.730507,479.2668,479.2668,68.86908,1.429213,0.376806,1,1.428984,2147.363,2,7.846447,1.947451,2,1.506809,41.35377,6.151987,479.2668,1.074312,1.200075,522.1981,7.606216,479.4544,479.2668,555.3866,479.2668,2077.049,359.4412,80.61503,516.6128,0.730507,20.28994,0.730507,758.4908,177.721,2.7,5.442959,33.03499,69.38788,1138.693,129.4458,1,5.644951,15.375,0.730507,0.730507,9.007103,0.730507,1.607384,0.730507,1,479.2668,0.49977,1.668697,0.936751,4518.292,24.94742,479.2668,479.2668,0.730507,2.7,7.676924,202.3467,41.7008,7.802172,18.89514,5.360778,36.76051,183.6101,43.75474,9140.654,41.35377,0.730507,9276.849,1254.567,64.06351,4.108542,0.730507,68.96494,0.708526,117.7786,122.5395,67.29843,37.24074,4056.167,1.195073,2.7,929.2266,0.284205,167.2916,9603.16,1512.201,61.27222,1.262645,2.7,633.477,110.5909,7.052135,0.730507,0.730507,0.730507,8.19372,12.09401,1887.051,12.8,10.92968,760.3792,44.79952,479.2668,0.730507,5.616883,3604.08,0.730638,1170.313,25.80506,262.5359,31.0856,139.9983,3.437272,7.052135,479.2668,125.7047,18.44818,0.730507,5.858365,66.16454,1.36057,3.711609,0.384874,60.73214,1,3.128778,46.11487,2.923851,2.765412,0.730507,5026.168,1,3.639938,2.436424,25.57107,547.0453,46.73919,3.747523,2.016324,479.2668,1.506898,7.262321,2927.387,8.752,0.730638,58.45353,0,211.8518,13.53676,2.745,0.730507,0.730507,6.757913,7.052135,6.722342,11.225,479.2668,479.2668,34.51458,3.442483,0,1,1.951664,6.294257,1.278694,1.305963,32.8525,1240.847,1723.703,5.032484,23.43288,1,1263.565,2.7,2.147,16083.32,102.3358,262.5116,2.604801,198.8791,7.052135,3.995708,0
2008,50.24961,75.00564,83.90876,3.672924,3.162992,305.9694,959.4463,2.661294,1.196761,0.683352,0.823682,1185.352,0.683352,447.8053,447.8053,68.57998,1.336449,0.37691,1,1.334793,2136.285,2,7.234262,1.836027,2,1.414823,43.52441,6.837691,447.8053,1.066823,1.082515,523.3097,6.95011,448.417,447.8053,559.3814,447.8053,1968.054,336.3117,75.336,526.6287,0.683352,17.0685,0.683352,782.8842,177.721,2.7,5.094901,34.47005,64.95114,1195.709,129.2438,1,5.436565,15.375,0.683352,0.683352,9.639207,0.683352,1.593061,0.683352,1,447.8053,0.545602,1.490516,1.082568,4571.736,22.33446,447.8053,447.8053,0.683352,2.7,7.582093,203.6333,43.98093,7.786306,18.89683,4.934633,39.06088,172.3672,46.16134,9693.56,43.52441,0.683352,9471.594,1193.083,88.08482,3.585647,0.683352,72.88348,0.708429,103.3874,120.3233,69.19999,36.61711,4054.167,1.192178,2.7,1100.658,0.268914,157.234,8744.224,1507.52,63.2075,1.223562,2.7,619.4012,108.3508,8.272849,0.683352,0.683352,0.683352,7.751044,10.35687,1715.529,12.8,11.15743,785.3509,42.01427,447.8053,0.683352,5.44145,3668.579,0.682675,1167.534,24.22468,243.2891,28.45971,140.5224,3.333167,8.272849,447.8053,119.0071,19.37144,0.683352,5.647297,69.62866,1.424889,3.652548,0.385008,70.72888,1,2.924315,44.47781,2.65856,2.409848,0.683352,4349.581,1,3.640566,2.5201,24.87336,546.7389,49.32101,3.75119,2.091151,447.8053,1.414757,7.564848,2923.787,8.752,0.682675,55.72348,0,204.8656,14.6952,2.744433,0.683352,0.683352,6.595596,8.272849,9.321201,11.225,447.8053,447.8053,33.3543,3.430725,0,1,1.910889,6.25737,1.232955,1.305332,31.53225,1198.797,1717.768,5.271661,20.90396,1,1318.876,2.7,2.147,16445.24,102.8518,271.609,2.642336,199.3626,8.272849,3.748685,0
2009,50.325,79.17719,94.94452,3.672951,3.729228,363.2833,1030.8,2.691761,1.280824,0.719262,0.805384,1230.144,0.719262,472.1863,472.1863,69.02664,1.407601,0.376996,1,1.407282,2789.863,2,7.033454,1.99949,2,1.454247,48.42569,7.150789,472.1863,1.141204,1.085585,559.1741,6.831506,471.6391,472.1863,804.555,472.1863,2156.619,353.9453,80.03542,573.1623,0.719262,19.05548,0.719262,836.6949,177.721,2.7,5.356056,35.95778,72.51425,1284.235,161.4901,1,5.552551,15.375,0.719262,0.719262,11.82479,0.719262,1.953044,0.719262,1,472.1863,0.640837,1.66976,1.431651,4966.528,26.55682,472.1863,472.1863,0.719262,2.7,8.143622,203.95,47.36339,7.751638,18.89244,5.281883,39.88605,202.0592,49.71875,10405.66,48.42569,0.719262,9874.021,1170,123.671,3.928418,0.719262,88.32628,0.708084,93.60713,147.662,77.23745,42.86516,4139.333,1.282189,2.7,1277.013,0.288348,173.4351,8516.053,1502.16,68.28667,1.253534,2.7,700.0559,114.9601,8.418819,0.719262,0.719262,0.719262,8.093179,11.12202,1977.844,12.8,13.50751,838.7589,44.29977,472.1863,0.719262,5.576367,3815.155,0.719843,1450.258,27.64114,263.176,31.91693,141.1387,3.524723,8.418819,472.1863,149.7682,20.33894,0.719262,6.289646,77.45601,1.598696,3.799132,0.384973,81.69912,1,3.010902,47.62979,2.69913,3.117744,0.719262,4969.681,1,3.640883,3.048032,31.77019,568.2533,54.52456,3.750241,2.329373,472.1863,1.454287,7.934662,3320.097,8.748879,0.719843,67.5806,0,233.3023,16.20845,2.74492,0.719262,0.719262,7.648044,8.418819,13.71745,11.225,472.1863,472.1863,34.33252,4.142708,0,1,2.027207,6.298874,1.349753,1.554153,33.0338,1325.599,2030.42,8.068736,22.53596,1,1465.598,2.7,2.147,17799.81,107.2778,290.5285,2.734088,202.803,8.418819,5.047994,276.276
2010,46.45246,91.90104,104.0333,3.672993,3.91168,373.6605,944.9483,2.7,1.089599,0.755022,0.803341,1230.743,0.755022,495.277,495.277,69.60687,1.476882,0.377,0.999844,1.476596,2980.054,2,7.022022,1.760206,1.999984,1.363155,45.73159,6.788871,495.277,1.030545,1.042843,510.144,6.76909,495.3671,495.277,905.8222,495.277,1898.367,371.4028,83.27869,525.5266,0.755022,19.09572,0.755022,796.5292,177.721,2.7,5.622956,36.86915,73.81721,1176.608,169.1014,1,5.633609,15.375,0.755022,0.755022,14.46305,0.755022,1.918084,0.755022,1,495.277,0.647392,1.781665,1.432958,5612.221,27.80155,495.277,495.277,0.755022,2.7,8.060178,203.6358,43.46578,7.768907,18.895,5.503139,39.79499,208.0132,45.61106,9086.011,45.73159,0.755022,10071.7,1170,122.2164,3.733089,0.755022,87.43783,0.708203,87.76376,147.3647,79.16911,45.85971,4184.917,1.090159,2.7,1156.356,0.286925,155.1023,8258.77,1501.144,71.40333,1.266789,2.7,762.3177,113.0404,7.320391,0.755022,0.755022,0.755022,8.424637,12.37771,2112.27,12.8,12.63424,797.0339,46.46374,495.277,0.755022,5.634883,3888.462,0.755045,1357.238,34.32092,275.9758,30.81554,150.7135,3.22098,7.320391,495.277,151.0353,21.35595,0.755022,6.043648,73.16027,1.387236,3.787198,0.384964,85.17356,1,2.825137,45.09475,2.700644,3.016334,0.755022,4752.8,1,3.640534,3.180311,30.36816,583.0829,52.55436,3.75002,2.341253,495.277,1.363172,7.868448,3901.064,8.748008,0.755045,77.72893,0,249.2965,18.4986,2.745,0.755022,0.755022,7.205405,7.320391,12.11036,11.225,495.277,495.277,31.71707,4.378967,0,1,1.909216,6.338397,1.43166,1.507211,31.49765,1441.587,2177.427,7.951781,20.00973,1,1586.115,2.7,4.243857,19125.11,99.71362,275.4491,2.4849,219.5044,7.320391,4.797332,322.355
2011,46.74701,93.71582,100.9197,3.673,4.12933,372.5009,938.692,2.7,0.969085,0.719044,0.789821,1260.502,0.719044,471.8661,471.8661,74.05908,1.406484,0.377,1,1.406202,5197.67,2,6.954581,1.674466,2,1.25741,46.66909,6.838402,471.8661,0.989135,0.887473,483.6478,6.464559,472.3987,471.8661,919.256,471.8661,1848.017,353.8332,79.27688,505.6999,0.719044,17.68667,0.719044,812.9801,177.721,2.7,5.357563,38.08612,72.98399,1168.452,239.5708,1,5.943931,15.375,0.719044,0.719044,16.97536,0.719044,1.792229,0.719044,1,471.8661,0.62366,1.685138,1.546561,6938.227,28.39087,471.8661,471.8661,0.719044,2.7,7.787266,204.0175,41.08805,7.784338,18.89485,5.349507,40.30667,201.1403,43.10415,8774.394,46.66909,0.719044,10616.75,1170,116.0426,3.578113,0.719044,86.01165,0.708075,79.73742,146.6544,88.80095,46.13171,4058.5,0.969463,2.7,1108.054,0.27638,149.0657,8030.055,1505.842,72.22667,1.224152,2.7,829.0906,110.5384,7.263198,0.719044,0.719044,0.719044,8.095392,11.72825,2027.361,14.45685,12.43963,812.7179,44.27011,471.8661,0.719044,5.444108,4089.012,0.719355,1263.915,29.06688,281.367,28.70969,156.9053,3.058833,7.263198,471.8661,155.8733,22.41994,0.719044,5.607212,74.66911,1.265359,3.798668,0.385,86.33994,1,2.754219,43.30552,2.353599,2.964322,0.719044,4198.732,1,3.641533,3.049533,29.40614,600.3105,53.61497,3.750121,2.669848,471.8661,1.257494,7.535285,4264.954,8.748908,0.719355,73.3334,2.98895,264.2394,17.62294,3.264762,0.719044,0.719044,6.493386,7.263198,12.39617,48.33667,471.8661,471.8661,30.48562,4.610183,0,1,1.727504,6.379245,1.406526,1.680187,29.39057,1585.694,2522.684,7.98486,19.25915,1,1714.169,2.7,4.295,20656.7,93.45768,278.8539,2.317858,215.3667,7.263198,4.86204,322.3358
2012,50.9214,95.33129,108.1574,3.673004,4.550857,401.764,992.5059,2.7,0.965681,0.777845,0.785147,1441.704,0.777845,510.5271,510.5271,81.83792,1.521448,0.376984,1,1.521555,8360.372,2,6.922592,1.954159,2,1.249342,53.41422,7.614356,510.5271,0.999543,0.937519,486.2721,6.308629,511.111,510.5271,919.2555,510.5271,1796.74,382.7134,86.31895,503.0547,0.777845,19.55427,0.777845,888.2719,177.721,2.7,5.790284,39.28091,77.81852,1234.388,343.335,1,6.071174,15.375,0.777845,0.777845,17.78909,0.777845,1.786879,0.777845,1,510.5271,0.630878,1.650671,1.852373,7109.88,31.10709,510.5271,510.5271,0.777845,2.7,7.834442,204.3583,41.67617,7.757068,19.31983,5.85042,41.6382,224.9621,43.71828,9387.382,53.41422,0.777845,12197.65,1166.167,125.1447,3.854062,0.777845,88.53104,0.708112,79.84826,149.1508,84.47029,47.0038,4033,0.965801,2.7,1126.386,0.280123,147.0725,8007.758,1504.134,73.51477,1.26166,2.7,849.4591,127.6413,8.207109,0.777845,0.777845,0.777845,8.637202,12.10352,2199.09,15.36831,13.15312,888.8448,47.92631,510.5271,0.777845,640.6534,4671.009,0.778294,1358.5,28.27391,296.3751,30.10004,246.0198,3.088476,8.207109,510.5271,158.8294,23.54643,0.777845,5.81686,85.3406,1.23471,3.905679,0.384959,93.38918,1,2.637554,42.21482,2.058966,3.253365,0.777845,4425.612,1,3.641004,3.467894,31.0565,614.226,60.73592,3.7501,3.538279,510.5271,1.249427,7.103609,4259.929,8.748266,0.778294,87.9733,2.95,272.4264,19.06842,3.3,0.777845,0.777845,6.770732,8.207109,13.75583,64.58083,510.5271,510.5271,31.06709,4.737708,0,1,1.717593,6.381284,1.561732,1.800003,29.57536,1586.864,2502.994,8.082717,20.24342,1,1885.384,2.7,4.295,20873.13,94.16281,302.4357,2.292869,215.5678,8.207109,5.143815,322.355
2013,55.3775,96.51681,105.6869,3.673,5.478517,409.6257,1077.583,2.7,1.036345,0.753019,0.784035,1562.75,0.753019,494.04,494.04,78.07999,1.472887,0.377,1,1.472924,8905.087,2,6.917118,2.158732,2,1.251201,58.55305,8.393337,494.04,1.030167,0.926745,495.4637,6.148687,495.1759,494.04,919.8052,494.04,1869.273,370.4912,83.0725,500.1589,0.753019,19.55704,0.753019,1075.086,177.721,2.7,5.616253,41.74453,79.65374,1340.3,365.5116,1,6.874852,15.375,0.753019,0.753019,18.71782,0.753019,1.832064,0.753019,1,494.04,0.639537,1.663314,2.066949,7002.831,33.97647,494.04,494.04,0.753019,2.7,7.860288,205.3942,43.18978,7.75672,20.10558,5.706939,42.91493,223.5797,45.30463,10448.93,58.55305,0.753019,17966.66,1166,122.1498,3.60967,0.753019,99.8191,0.708214,97.60915,152.2029,86.10866,48.43566,4027.25,1.035843,2.7,1094.615,0.283901,151.479,7860.138,1507.313,77.52,1.271692,2.7,857.9421,129.1335,9.651338,0.753019,0.753019,0.753019,8.412974,12.51772,2219.065,15.36603,12.76505,1078.372,46.5298,494.04,0.753019,933.5705,6794.48,0.753159,1521.241,30.1555,296.585,30.75192,364.4577,3.150884,9.651338,494.04,159.2448,24.71435,0.753019,5.877146,93.63972,1.219753,4.07386,0.384996,101.5805,1,2.703146,42.46211,2.238487,3.159604,0.753019,4308.621,1,3.641085,3.327337,31.86124,649.8429,65.54933,3.750217,4.683638,494.04,1.251228,7.18109,4251.683,8.746979,0.753159,85.15885,2.95,273.7524,18.44995,3.3,0.753019,0.753019,6.512913,9.651338,12.07729,108.7333,494.04,494.04,30.72309,4.764233,0,1,1.774828,6.373458,1.625196,1.905712,29.70163,1617.143,2585.563,8.155103,20.43513,1,2092.345,2.7,6.075725,21029.04,95.91385,360.9847,2.310603,215.0115,9.651338,5.38695,322.355
2014,57.2475,98.41658,105.5438,3.673,8.120707,415.9198,1188.7,2.7,1.109586,0.753696,0.783797,1558.429,0.753696,494.415,494.415,77.55206,1.474284,0.377004,1,1.474321,10246.76,2,6.91129,2.354273,2,1.267198,61.02941,8.972307,494.415,1.104706,0.915291,570.7251,6.161508,496.0206,494.415,922.387,494.415,2002.479,370.8396,83.0345,538.7267,0.753696,20.75614,0.753696,1326.238,177.7208,2.7,5.618762,43.46705,80.58261,1479.738,419.919,1,7.083795,15.375,0.753696,0.753696,19.67521,0.753696,1.883556,0.753696,1,494.415,0.607349,1.764719,3.065784,7024.871,39.96742,494.415,494.415,0.753696,2.7,7.734992,206.4492,43.66097,7.754754,20.50081,5.754664,45.05105,232.7261,45.77233,11866.03,61.02941,0.753696,25647.8,1166,116.6927,3.577937,0.753696,110.8972,0.708165,105.8948,179.4812,87.94807,53.56522,4037.5,1.109363,2.7,1053.022,0.284696,161.4898,8048.96,1509.871,83.8925,1.272402,2.7,875.0068,130.593,10.84821,0.753696,0.753696,0.753696,8.416534,14.04275,2475.103,15.36809,13.31022,1333.084,46.41063,494.415,0.753696,984.3457,9621.454,0.753731,1813.41,31.3533,294.9485,30.64452,421.8309,3.272792,10.84821,494.415,165.1708,25.95739,0.753696,6.304377,97.69467,1.205838,4.609685,0.385,101.0398,1,2.839274,44.39855,2.523286,3.15522,0.753696,4463.429,1,3.641409,3.349061,38.58106,685.69,67.57025,3.750999,5.844521,494.415,1.267348,7.288184,4318.785,8.748421,0.753731,88.40531,2.95,279.7124,18.4664,3.360514,0.753696,0.753696,6.862425,10.84821,12.76294,154.13,494.415,494.415,32.47666,4.937567,0,1,1.827236,6.352414,1.697751,2.187766,30.3286,1663.535,2597.033,12.01056,23.21831,1,2308.992,2.7,6.292221,21198.86,97.18582,438.6073,2.331331,215.0249,10.84821,6.159591,322.3492
2015,61.14346,120.0968,125.8852,3.672992,9.256635,477.9183,1315.008,2.7,1.331668,0.900748,1.027043,1570.215,0.900748,591.4495,591.4495,77.94732,1.761853,0.377032,1,1.761927,15966.31,2,6.90119,3.331694,2,1.374202,64.13791,10.12241,591.4495,1.278921,0.962246,654.3547,6.285359,592.6857,591.4495,921.1231,591.4495,2746.207,443.1757,99.38569,534.7724,0.900748,24.57544,0.900748,1500.82,177.72,2.7,6.718761,44.9276,100.3544,1638.078,626.8239,1,7.701608,15.375,0.900748,0.900748,20.67524,0.900748,2.08806,0.900748,1,591.4495,0.65404,2.271107,3.786386,7431.78,41.07165,591.4495,591.4495,0.900748,2.7,7.657192,206.5,48.16427,7.75261,21.77936,6.856747,51.0429,279.0908,50.50147,13388.03,64.13791,0.900748,28804.8,1167.333,131.7942,3.882594,0.900748,116.9341,0.708873,121.0042,222.9022,98.19212,64.41166,4067.75,1.33109,2.7,1131.545,0.300978,214.3692,8147.908,1504.58,86.18837,1.38121,2.7,1008.821,136.051,12.76755,0.900748,0.900748,0.900748,9.748079,18.82101,3101.912,15.27193,15.88257,1508.283,55.36106,591.4495,0.900748,1162.615,10785.87,0.901659,1967.694,39.3839,310.1296,35.09762,498.5936,3.906425,12.76755,591.4495,197.874,27.14936,0.900748,8.063634,102.6055,1.433863,4.935868,0.385,102.7653,1,3.185434,45.51624,2.758158,3.767537,0.900748,5199.79,1,3.641243,4.00357,61.33828,718.2466,70.48691,3.751183,5.972397,591.4495,1.374665,7.747431,4308.904,8.738887,0.901659,108.8114,4.089258,327.2175,22.09064,3.448577,0.900748,0.900748,8.430864,12.76755,13.32125,237.0292,591.4495,591.4495,34.25027,6.163117,0,1,2.062069,6.351969,1.960127,2.725383,31.77071,2034.329,3237.245,21.96685,27.28295,1,2569.196,2.7,6.292,21920.18,106.681,495.4766,2.545019,214.9747,12.7675,8.632821,322.355
2016,67.86609,165.2109,124.1759,3.672996,14.75874,480.4882,1315.475,2.696728,1.34498,0.904335,1.611235,1621.521,0.904335,593.0082,593.0082,78.44051,1.768958,0.377004,1,1.768919,19902.81,2,6.906378,3.486715,2,1.381391,67.18516,10.8961,593.0082,1.325084,0.985668,676.7976,6.645067,595.7726,593.0082,968.2602,593.0082,3050.632,444.9461,99.68811,544.2769,0.904335,24.44889,0.904335,1605.175,177.72,2.7,6.733514,45.98534,109.4412,1637.875,771.8903,1,10.12404,15.375,0.904335,0.904335,21.83828,0.904335,2.084394,0.904335,1,593.0082,0.740701,2.366819,3.952958,8398.011,42.03145,593.0082,593.0082,0.904335,2.7,7.604013,206.5,47.50401,7.762251,22.83274,6.81345,63.17935,281.6288,49.74815,13307.1,67.18516,0.904335,32187.26,1182,120.8887,3.83954,0.904335,125.1748,0.708839,108.7959,342.0505,101.5342,70.28926,4058.695,1.345214,2.7,1160.475,0.302333,237.5195,8179.268,1512.196,94.42724,1.390369,2.7,1081.835,146.1561,14.70609,0.904335,0.904335,0.904335,9.810445,19.89338,3169.64,15.35033,18.70317,1613.114,55.69514,593.0082,0.904335,1234.87,12034.53,0.904035,2143.927,62.8153,349.4888,35.53864,713.2839,4.144227,14.7061,593.0082,258.5106,28.60578,0.904335,8.401102,107.4989,1.435512,5.996786,0.385,104.729,1,3.375624,47.50336,3.127535,3.94631,0.904335,5677.326,1,3.641332,4.061554,67.05876,785.0027,73.5313,3.750825,6.478355,593.0082,1.381132,7.879016,4818.631,8.743201,0.904035,111.2779,49.40679,363.0031,22.14886,6.238824,0.904335,0.904335,8.56271,14.70604,13.29962,460.2758,593.0082,593.0082,35.28663,7.835675,0,1,2.194502,6.634943,2.148756,3.025645,32.26237,2186.543,3418.279,25.53714,30.10969,1,2964.753,2.7,9.264732,22364.71,109.5311,527.132,2.543874,240.7871,14.7061,10.31242,0
2017,68.0269,167.0638,119.0652,3.673,16.54435,482.7164,1325.904,2.683555,1.304616,0.886908,1.723725,1726.427,0.886908,582.0946,582.0946,80.96424,1.734772,0.377063,1,1.734759,19324.58,2,6.913809,3.190255,2,1.380619,65.11012,10.33466,582.0946,1.298174,0.984386,648.5044,6.757446,588.8516,582.0946,1460.481,582.0946,2949.537,436.3364,97.80694,567.5274,0.886908,23.3712,0.886908,1736.292,177.72,2.7,6.59765,47.43667,110.9254,1651.359,791.9951,1,17.85036,15.375,0.886908,0.886908,23.9981,0.886908,2.061013,0.886908,1,582.0946,0.77623,2.506382,4.401308,9119.621,45.87281,582.0946,582.0946,0.886908,2.7,7.35124,206.5,47.0427,7.792594,23.48546,6.61954,64.74844,274.333,49.24557,13380.33,65.11012,0.886908,37196.82,1184,106.7582,3.597845,0.886908,128.1074,0.708936,112.1103,326.2216,103.4119,68.88949,4050.58,1.304758,2.7,1130.911,0.303441,230.8926,8351.526,1510.456,112.7067,1.39382,2.7,1174.898,152.5293,13.31425,0.886908,0.886908,0.886908,9.704663,18.45185,3095.375,15.40372,18.90127,1744.809,54.6014,582.0946,0.886908,1360.359,13879.95,0.887397,2438.88,63.58211,356.8169,34.56766,725.355,4.298308,13.31428,582.0946,334.0375,30.04514,0.886908,8.267637,104.1898,1.407195,6.298733,0.385023,105.3538,1,3.26098,50.41648,3.182736,3.775831,0.886908,5624.062,1,3.679199,4.050527,58.31053,837.7992,72.19556,3.750174,6.729754,582.0946,1.380699,7.797087,7428.433,8.746624,0.887397,107.7589,115.388,403.2338,21.74114,7.487139,0.886908,0.886908,8.546526,13.31431,13.47783,492.6108,582.0946,582.0946,33.92431,8.549742,0,1,2.186648,6.751311,2.421189,3.648782,30.42813,2236.251,3611.038,26.61622,28.63981,1,5138.372,2.7,10.04022,22713.72,107.5134,567.1622,2.49569,250.2535,13.3143,9.540511,0
2018,69.36351,248.1632,107.9477,3.673,27.16527,481.9243,1394.157,2.697548,1.334079,0.843599,1.696376,1778.375,0.843599,542.03,542.03,83.71367,1.650143,0.377335,1.000011,1.655878,20303.15,2,6.910417,3.627002,2.004768,1.342554,68.30488,10.14345,542.03,1.291391,0.975967,638.617,6.587381,568.5228,542.03,1615.372,542.03,2931.281,415.0137,90.4767,576.6721,0.843599,21.61689,0.843599,3493.391,177.72,2.7,6.286926,49.49143,116.4133,1736.216,890.3779,1,17.81423,15.375,0.843599,0.843599,27.57885,0.843599,2.077928,0.843599,1,542.03,0.744603,2.518828,4.653688,9065.23,48.23486,542.03,542.03,0.843599,2.7,7.504097,206.62,46.0148,7.838964,23.85819,6.261412,66.10376,268.8754,48.05563,14225.31,68.30488,0.843599,44136.57,0,106.8769,3.577909,0.843599,129.4451,0.709511,110.1815,342.5417,101.1211,68.73462,4029.668,1.296302,2.7,1098.174,0.301963,7150.268,8298.31,1512.514,130.114,1.334867,2.7,1200.935,160.7592,13.15806,0.843599,0.843599,0.843599,9.368735,16.74667,3325.338,15.48585,19.10904,3528.132,51.94217,542.03,0.843599,1338.226,16457.57,0.826319,2453.609,60.19766,355.5662,34.00843,725.1693,4.01877,13.15805,542.03,361.4398,31.55941,0.843599,8.079295,109.3749,1.445643,8.26814,0.385,119.862,1,3.280609,52.71517,3.283506,3.592967,0.843599,5715.749,1,3.657515,3.925965,62.35848,868.2776,76.48503,3.750349,0,542.03,1.346743,7.824879,7928.967,8.749484,0.826319,97.7267,135.2603,418.8981,19.92909,7.503945,0.843599,0.843599,8.659546,13.15813,13.50367,436.5,542.03,542.03,32.25705,8.85722,0,1,2.223748,6.788233,2.605522,4.803305,30.06979,2270.218,3728.028,27.14322,30.59843,1,8109.493,2.7,77629.49,22992.54,107.7962,1107.049,2.534559,250.2664,13.15812,10.33391,0
