Year,Argentina,Developing Asia,Australia,Belgium,Brazil,Canada,Chile,China,Czech Republic,Germany,Developing Countries,Denmark,East Asia & Pacific developing,Europe & Central Asia developing,Spain,Estonia,Finland,France,United Kingdom,High Income Countries,"Hong Kong SAR, China",Hungary,High income: OECD,Indonesia,Israel,Italy,Jordan,Japan,"Korea, Rep.",Latin America & Caribbean developing,Low Income,Mexico,Middle Income Countries,Middle East & N. Africa developing,Malaysia,Netherlands,Norway,New Zealand,High Income: Non-OECD,Peru,Philippines,Poland,Russian Federation,South Asia developing,Singapore,Sub-Saharan Africa developing,Slovakia,Sweden,Thailand,Turkey,"Taiwan, China",Uganda,United States,World (WBG members)
1991Q1,4416.531,NA,18101.6,NA,13168.76,NA,NA,NA,NA,128468,NA,NA,NA,NA,22882.67,NA,NA,NA,NA,802212.5,20282.48,NA,766034.2,NA,NA,NA,NA,74953.75,10427.03,31831.3,NA,16592.58,NA,NA,NA,NA,18509.4,3609.764,50237.6,NA,NA,NA,NA,NA,11251.91,NA,NA,16794.79,10477.56,9.175394,14286.69,NA,128363.7,NA
1991Q2,6318.661,NA,20387.41,NA,14826.59,NA,NA,NA,NA,124296.2,NA,NA,NA,NA,23912.57,NA,NA,NA,NA,835756.3,24566.33,NA,785501.4,NA,NA,NA,NA,75052.64,12768.16,35462.57,NA,18329.89,NA,NA,NA,NA,20081.18,3984.619,59261.36,NA,NA,NA,NA,NA,12001.44,NA,NA,17536.09,10505.7,10.67594,16374.93,NA,134818.8,NA
1991Q3,6371.975,NA,20408.96,NA,12690.13,NA,NA,NA,NA,125759.3,NA,NA,NA,NA,19345.39,NA,NA,NA,NA,825245.3,27241.92,NA,767137.6,NA,NA,NA,NA,80618.48,11689.17,33129.79,NA,18285.27,NA,NA,NA,NA,18736.82,3615.522,63191.47,NA,NA,NA,NA,NA,12429.65,NA,NA,14657.51,12132.41,13.38198,17147.92,NA,127887.5,NA
1991Q4,5084.412,NA,21662.54,NA,13268.09,NA,NA,NA,NA,134934.8,NA,NA,NA,NA,25304.77,NA,NA,NA,NA,887836.5,28814.52,NA,834809.3,NA,NA,NA,NA,84574.83,14703.56,35165.65,NA,19610.78,NA,NA,NA,NA,19918.27,3878.519,62756.22,NA,3895.757,NA,NA,NA,12062.84,NA,NA,17396.43,11752.21,18.38257,16794.44,NA,137634.3,NA
1992Q1,4724.392,NA,19736.18,NA,13636.11,NA,NA,NA,NA,132749.3,NA,NA,NA,NA,24084.89,NA,NA,NA,NA,865141.1,24622.62,NA,820273.9,NA,NA,NA,NA,80522.57,12010.82,34564.59,NA,18680.78,NA,NA,NA,NA,21795.91,3807.248,57402.54,NA,3604.201,NA,NA,NA,11953.98,NA,NA,17557.24,11931.11,17.58866,16101.55,NA,139734.4,NA
1992Q2,6078.713,NA,21266.94,NA,15023.23,NA,NA,NA,NA,125334.7,NA,NA,NA,NA,24301.44,NA,NA,NA,NA,872738.1,29973.41,NA,812933.2,NA,NA,NA,NA,80266.11,14218.43,37029.44,NA,19598.23,NA,NA,NA,NA,20274.3,4307.417,65920.7,NA,3688.244,NA,NA,NA,12341.33,NA,NA,16712.62,12250.12,20.16691,17527.25,NA,141271.6,NA
1992Q3,5932.815,NA,21573.63,NA,16769.21,NA,NA,NA,NA,126803.1,NA,NA,NA,NA,19821.59,NA,NA,NA,NA,863644,32410.92,NA,797604.7,NA,NA,NA,NA,84742.95,13685.53,38890.9,NA,19592.67,NA,NA,NA,NA,19660.74,3452.148,69012.49,NA,4001.03,NA,NA,NA,13310.45,NA,NA,15151.22,13031.43,22.29937,17358.31,NA,134616.1,NA
1992Q4,5518.28,NA,22973.13,NA,17841.44,NA,NA,NA,NA,135481.7,NA,NA,NA,NA,24482.69,NA,NA,NA,NA,922907.6,33860.58,NA,857268.6,NA,NA,NA,NA,86427.34,14796.33,41305.02,NA,20777.57,NA,NA,NA,NA,21583.43,3681.205,71030.53,NA,4106.436,NA,NA,NA,14128.93,NA,NA,17113.48,13170.7,29.82712,17522.75,NA,145844.5,NA
1993Q1,5379.622,NA,20730.79,NA,17997.31,NA,NA,NA,NA,124669.3,NA,NA,NA,NA,23607.92,NA,NA,NA,40341.51,864076.9,29343.39,NA,805600.4,NA,NA,NA,NA,85056.8,13009.62,40947.24,NA,20287.17,NA,NA,NA,46214.7,20140.83,3835.993,65090.89,NA,3709.382,NA,NA,NA,13617.56,NA,NA,17291.66,12665.81,29.31149,16750.32,NA,142521.1,NA
1993Q2,6615.979,NA,22591.81,NA,17840.11,NA,NA,NA,NA,125138.2,NA,NA,NA,NA,24210.01,NA,NA,NA,38285.34,886463,33577.3,NA,816143.2,NA,NA,NA,NA,83042.72,14820.46,43304.18,NA,22648.04,NA,NA,NA,45442.52,22080.52,4370.005,73667.35,NA,4202.856,NA,NA,NA,15164.84,NA,NA,17648.62,13274.95,30.569,18309.24,NA,146823.1,1125736
1993Q3,6154.231,NA,23222.06,NA,19546.94,NA,NA,NA,NA,122607.9,NA,NA,NA,NA,19891.81,NA,NA,NA,37699.51,866902.8,37160.4,NA,790133.6,NA,NA,NA,NA,85359.81,14529.89,45536.58,NA,23028.45,NA,NA,NA,44891.88,20525.95,3707.582,77379.33,NA,4564.071,NA,NA,NA,16228.54,NA,NA,17372.54,15762.09,37.92553,17836.17,NA,137293.4,1111257
1993Q4,6003.498,NA,24367.67,NA,18205.38,NA,NA,NA,NA,138072.7,NA,NA,NA,NA,25010.66,NA,NA,NA,42935.72,942596.4,37080.08,NA,868670.8,NA,NA,NA,NA,83653.7,16350.91,47100.38,NA,25832.12,NA,NA,NA,48827.81,23554.32,3991.565,77767.03,NA,4908.174,NA,NA,NA,16237.02,NA,NA,19965.34,15559.29,58.94989,18446.43,NA,152764.4,1201841
1994Q1,5828.159,NA,22817.81,NA,16173.72,NA,NA,NA,NA,132587.9,NA,NA,NA,NA,26027.81,842.1224,NA,NA,41994.79,920491.4,31652.92,NA,856041.2,NA,NA,NA,NA,84000.34,14156.52,43662.38,NA,24649.35,NA,NA,NA,53109.86,23279.98,4243.053,70768.28,NA,4353.324,NA,NA,NA,16084.81,NA,NA,20146.64,15149.55,65.20526,17202.39,NA,148695.9,1169227
1994Q2,7747.613,NA,24684.21,NA,20167.5,NA,NA,NA,NA,142979.9,NA,NA,NA,NA,26892.28,917.8002,NA,NA,42190.01,972419.7,37081.76,NA,889663.9,NA,NA,NA,NA,84677.27,16629.69,48210.76,NA,24908.17,NA,NA,NA,50540.97,23147.68,4829.996,84561.14,NA,4617.913,NA,NA,NA,20215.34,NA,NA,20819.3,16113.91,118.5032,19516.43,NA,156056.2,1238727
1994Q3,7507.711,NA,24008.92,NA,20773.94,NA,NA,NA,NA,136930,NA,NA,NA,NA,23523.45,853.1074,NA,NA,40101.38,957811.8,41216.65,NA,867323.2,NA,NA,NA,NA,89004.49,16185.05,47401.22,NA,23544.83,NA,NA,NA,48709.24,22835.65,4114.373,89287.5,NA,4935.232,NA,NA,NA,21072.22,NA,NA,18711.61,17379.59,147.0853,19490.92,NA,154462.7,1223187
1994Q4,7500.378,NA,24981.81,NA,17965.36,NA,NA,NA,NA,149312.4,NA,NA,NA,NA,29090.26,986.7386,NA,NA,44609.11,1037363,41183.38,NA,947227.1,NA,NA,NA,NA,91936.2,19500.31,47460.32,NA,26408.67,NA,NA,NA,51916.82,26571.02,4273.112,91446.69,NA,5264.775,NA,NA,NA,21277.68,NA,NA,23749.98,18298.22,190.3705,21485.25,NA,165894.3,1317794
1995Q1,7710.276,NA,22963.47,73307.47,15134.89,NA,NA,NA,NA,152234.6,NA,16949.08,NA,NA,30101.69,926.3484,8603.772,NA,44744.39,1027057,36892.27,NA,945691,NA,4099.237,NA,NA,90091.21,17350.56,47040.26,NA,28846.39,NA,NA,NA,59031.19,25526.88,4529.659,84711.99,NA,4941.951,NA,NA,NA,20296.47,NA,NA,23163.52,18506.94,169.6694,19812.97,NA,166284.4,1304985
1995Q2,10530.86,NA,23879.97,74893.83,17898.15,NA,NA,NA,NA,157165.2,NA,16293.01,NA,NA,29252.09,947.8055,9566.043,NA,43366.06,1060211,41619.06,NA,965007.2,NA,4144.189,NA,NA,92745,20679.41,51039.79,NA,29822.58,NA,NA,NA,60059.82,24031.17,4868.037,96218.49,NA,5388.639,NA,NA,NA,22141.48,NA,NA,22901.15,18777.23,182.7453,21927.09,NA,170227.7,1350457
1995Q3,8773.22,NA,25646.21,73795.74,19076.6,NA,NA,NA,NA,147134.9,NA,15849.5,NA,NA,24791.67,936.8225,8269.723,NA,43488.96,1027141,45799.11,NA,924949.3,NA,4164.936,NA,NA,89690,21021.36,54319.68,NA,31710.73,NA,NA,NA,54029.99,24908.44,4225.208,101008.1,NA,5978.131,NA,NA,NA,24036.73,NA,NA,20442.37,19535.63,199.8329,22399.01,NA,165283.3,1318103
1995Q4,8318.169,NA,26892.6,74011.79,18387.98,NA,NA,NA,NA,161015.9,NA,17066.82,NA,NA,30778.08,1005.08,9528.896,NA,48480.45,1097183,43793.39,NA,998308.1,NA,4503.344,NA,NA,93645.47,22990.86,54830.54,NA,32876.99,NA,NA,NA,58989.95,26750.97,4360.191,99848.67,NA,6058.146,NA,NA,NA,24537.5,NA,NA,23827.63,19748.23,285.2033,23199.61,NA,177227,1401608
1996Q1,7963.723,NA,26592.58,74706.74,15605.01,NA,NA,NA,NA,154937.8,NA,16339.01,NA,NA,32412.55,845.9184,8490.222,NA,49491.31,1088716,38470.2,NA,997859.6,NA,4713.246,92044.9,NA,89182.95,21223.89,52909.91,NA,33608.43,NA,NA,NA,62024.76,28545.73,4360.44,91878.04,3696.479,5590.19,NA,NA,NA,24035.6,NA,NA,23586.13,17230.06,307.2102,21408.52,NA,177295.8,1384749
1996Q2,10245.77,NA,27916.92,74498.88,18967.2,NA,NA,NA,NA,155351.2,NA,16511.46,NA,NA,32483.98,926.2482,9450.749,NA,49557.1,1112876,43018.37,NA,1011578,NA,4488.307,98826.04,NA,90138.3,23523.13,58802.59,NA,36081.07,NA,NA,NA,58561.62,27336.03,5042.09,101235.5,3754.319,5878.839,NA,NA,NA,24495.11,NA,NA,24251.48,16586.99,347.1683,23476.24,NA,179847.3,1420685
1996Q3,10056.31,NA,27649.26,74997.23,19630.23,NA,NA,NA,NA,155429.6,NA,16525.62,NA,NA,28695.83,965.2838,8700.976,NA,47694.26,1092723,48035.58,NA,984968.2,NA,4617.206,90690.02,NA,94960.86,21748.93,60940.92,NA,37237.24,NA,NA,NA,56663.71,27106.93,4499.982,106605,4073.452,6176.511,NA,NA,NA,25231.04,NA,NA,21648.38,16799.41,429.81,23282.1,NA,173001.8,1400592
1996Q4,9744.675,NA,29340.22,74017.07,18223.7,NA,NA,NA,NA,169205.8,NA,17825.8,NA,NA,34946.48,1079.858,10420.88,NA,50095.14,1185351,45925.2,NA,1078941,NA,5290.054,103592.2,NA,102162.5,26329.71,61346.91,NA,39175.01,NA,NA,NA,60766.1,29737.85,4837.773,106538.9,3948.21,6604.176,NA,NA,NA,26432.09,NA,NA,25531.07,17360.73,593.5451,24436.94,NA,192047.1,1511834
1997Q1,9419.593,NA,28069.39,74665.33,16252.44,82.96665,NA,NA,NA,161319.8,NA,16931.98,NA,NA,33697.47,1047.239,9797.363,NA,49594.34,1145660,39867.16,NA,1048887,NA,5485.597,95188.53,682.3267,98355.96,22600.81,58331,NA,37913.2,NA,NA,NA,63321.68,29268.48,4554.267,97694.77,4165.36,6019.069,NA,NA,NA,25150.61,NA,NA,24822.36,16838.09,639.4926,23257.41,NA,192400.2,1459569
1997Q2,11799.59,NA,30564.05,74878.95,20999.69,87.61581,NA,NA,NA,175030,NA,18026.45,NA,NA,37798.63,1226.432,10983.95,NA,51417.19,1231871,45532.03,NA,1122428,NA,5322.936,106942.2,764.0092,104654.5,26945.34,68013.97,NA,42269.38,NA,764.0092,NA,64216.14,30103.94,5496.512,109726.2,4744.894,6850.272,NA,NA,NA,28016.54,NA,NA,27156.32,16689.51,794.0941,24378.01,NA,204240.5,1575276
1997Q3,11630.72,NA,30375.64,75262.75,22335.85,84.67053,NA,NA,NA,175233.8,NA,17690.76,NA,NA,34855.34,1249.716,10940.44,NA,50545.88,1215391,50156.23,NA,1098027,NA,5885.806,100632.1,937.0168,106612.3,26573.72,70622.13,NA,43838.18,NA,937.0168,NA,61569.1,28950.56,4832.399,116411.3,4448.098,7688.329,NA,NA,NA,29191.18,NA,NA,24696.19,18141.97,991.039,25433.18,NA,197902.2,1562913
1997Q4,10912.72,NA,31547.23,75691.7,20174.13,89.863,NA,NA,NA,186826.1,NA,19025.77,NA,NA,40645.68,1505.054,11694.38,NA,53660.93,1295577,50133.8,NA,1178511,NA,5826.457,112171.1,880.3603,110898.2,31558.92,70345.07,NA,45940.26,NA,880.3603,NA,65823.02,30942.11,4935.528,117106.3,4230.683,8522.872,NA,NA,NA,29392.11,NA,NA,28396.47,19334.37,1296.675,26667.63,NA,212574.3,1660021
1998Q1,10695.43,NA,27673.01,77076.54,18246.02,89.77336,NA,NA,10859.94,183820.5,NA,18499.55,NA,NA,39385.11,1388.463,11668.34,NA,51387.9,1242525,40520.36,NA,1142579,28391.95,6211.828,105268.7,719.1892,102196.8,27199.05,66785.62,NA,45261.75,NA,719.1892,NA,69497.74,31988.39,4864.623,101572.9,3277.858,8122.693,NA,NA,NA,27431.97,NA,NA,27679.78,18545.77,1430.694,22925.16,NA,206414.7,1586863
1998Q2,13977.51,NA,30694.35,76949.25,22539.95,94.62433,NA,NA,11270.32,191672.5,NA,17188.26,NA,NA,41332.2,1513.621,11973.58,NA,51075.07,1273991,45594.74,NA,1162540,26940.82,6331.36,112011,796.7961,101228.7,31026.88,74653.59,NA,48453.14,NA,796.7961,NA,68570.59,29346.42,5191.166,112024.3,3660.499,8335.118,NA,NA,NA,27907.91,NA,NA,28032.39,18608.32,1600.35,24544.12,NA,205194.2,1631956
1998Q3,13326.39,NA,30321.5,77940.91,22271.71,91.86548,NA,NA,10648.3,183592.7,NA,18634.28,NA,NA,35040.12,1412.627,11273.91,NA,49585.87,1230431,47050.91,NA,1115017,28586.01,6151.178,101251.8,921.7256,103639.2,28233.7,73800.52,NA,47113.03,NA,921.7256,NA,66415.88,27704.22,4763.868,115019.2,4415.776,9193.015,NA,NA,NA,28583.7,NA,NA,26409.23,19144.24,1742.577,26058.24,NA,195860.4,1585106
1998Q4,11341.65,NA,32130.4,77164.09,19673.98,99.8362,NA,NA,10919.51,193375.5,NA,18795.73,NA,NA,40508.51,1578.683,12076.53,NA,51412.93,1303370,45488.37,NA,1193208,24454.67,7324.831,108525.6,947.4029,106015.3,31823.88,76086.13,NA,51424.8,NA,947.4029,NA,71153.84,30509.8,4987.689,111218.8,4987.347,8491.997,NA,NA,NA,27991.11,NA,NA,30522.7,19708.98,1957.182,26397.63,NA,218697.1,1666608
1999Q1,10791.45,NA,28892.29,78245.42,17849.9,102.1574,NA,NA,10781.8,185535.3,NA,18673.06,NA,NA,40837.07,1342.092,11451.1,111134.1,49788.87,1249250,38551,NA,1147807,21880.88,7119.832,100044,781.9646,101244,28616.32,72199.5,NA,50051.63,NA,781.9646,NA,72837.02,30384.76,4972.263,101802.8,4297.97,8792.632,NA,NA,NA,26064.41,NA,NA,28748.44,18147.92,2167.024,26395.95,NA,204743.9,1594086
1999Q2,13510.44,NA,30367.25,78016.96,23341.09,105.8753,NA,NA,12532.59,196797.3,NA,18928.64,NA,NA,42179.26,1447.742,12152.22,115743,52015.94,1307934,44539.31,NA,1192185,23035.84,7254.752,107022.3,888.5986,102374.4,33662.63,81730.64,NA,53970.19,NA,888.5986,NA,72013.55,30012.83,5222.593,115857.4,4419.363,8787.169,NA,NA,NA,29202.74,NA,NA,29787.76,19833.58,2590.185,28604.93,NA,210985.1,1677375
1999Q3,12339.42,NA,32368.58,79542.11,23886.79,102.8718,NA,NA,11856.71,195370.6,NA,19189.33,NA,NA,37501.01,1464.121,12083.41,112867.5,54470.11,1307046,50195.05,NA,1185917,25057.79,7848.989,101547.4,919.8481,111723.5,33122.97,83449.24,NA,54735.64,NA,919.8481,NA,70088.81,29088.68,5085.511,121174.1,4826.819,11198.39,12569.31,NA,NA,29784.36,NA,NA,27975.39,22383.63,3005.647,28855.24,NA,208489.5,1687114
1999Q4,11645.66,NA,35179.19,78163.81,24202.89,109.6748,NA,NA,12926.25,212740.4,NA,21558.56,NA,NA,44594.71,1582.871,14107.65,126339.4,57059.98,1428142,50744.57,NA,1301761,24140.88,8711.389,118108.4,963.9138,116574.6,38382.54,84768.54,NA,55692.62,NA,963.9138,NA,79031.18,33024.45,5233.572,126538.4,4873.019,9669.652,13806.82,NA,NA,32277.51,NA,NA,31827.55,24055.55,3812.88,31870.64,NA,229031.5,1829125
2000Q1,10791.04,NA,32354.97,81054.53,21866.26,112.9293,NA,NA,13195.92,214127.3,NA,19828,NA,NA,46100.5,1816.792,13334.61,122446.2,57583.12,1413452,46419.56,NA,1295876,23611.09,9257.432,115241.5,775.9677,116357.4,34823.24,82794.08,NA,56219.48,NA,775.9677,NA,84175.76,31681.1,5353.234,117868.1,4708.346,9689.19,14450.07,NA,NA,30040.24,NA,NA,31482.74,23907.5,3950.345,30617.23,NA,227539.4,1808935
2000Q2,13940.29,NA,34188.04,80733.32,25427.43,115.8603,NA,NA,14052.04,221587.5,NA,20239.87,NA,NA,48158.17,2046.582,14300.55,125188.2,61673.84,1472499,52112.55,NA,1339061,25447.6,9199.404,118918.3,1029.494,121099.7,38894.29,90701.6,NA,60377.64,NA,1029.494,NA,83913.75,30375.7,5796.358,133543.5,4896.533,10129.57,14974.18,NA,NA,32600.05,NA,NA,32952.21,23480.17,4625.748,34890.59,NA,236308.1,1889972
2000Q3,12454.92,NA,35701.2,82281.03,26845.24,110.4216,NA,NA,13293.98,218384.3,NA,21533.25,NA,NA,41455.89,2101.503,14607.27,115300.6,62526.72,1464015,58990.42,NA,1320343,27025.07,9416.698,115005.7,1091.139,125980.9,38615.5,93960.66,NA,61930.19,NA,1091.139,NA,81963.01,30507.81,5061.967,143576.3,5185.238,12337.23,15692.4,NA,NA,35925.05,NA,NA,30779.31,27522.22,4677.451,36205.88,NA,236019.5,1893337
2000Q4,12009.25,NA,36487.32,80992.56,24575.21,116.2126,NA,NA,15252.23,243092.2,NA,22940.22,NA,NA,48672.94,2364.644,16339.96,132572.3,70229.95,1571421,57424.5,NA,1428621,26252.75,10038.48,128137.5,968.9763,127925.6,42403.1,94577.56,NA,64537.92,NA,968.9763,NA,89795.78,33926.54,5395.642,142905.1,5464.428,11127.62,17501.42,NA,NA,37254.47,NA,NA,34667.99,28246.33,5327.684,36216.9,NA,243795.1,2017701
2001Q1,10856.3,NA,32921.19,82102.97,24578.74,113.1687,NA,NA,15686.58,238366.7,NA,21664.9,NA,NA,50905.38,2195.589,14641.99,129400.9,68645.63,1512479,47983.09,NA,1389792,25776.05,9814.815,124538.2,952.1287,116310.4,39853.69,88070.61,NA,58721.21,NA,952.1287,NA,92904.15,33697.23,5312.467,123056.3,4770.659,10414.27,17278.32,NA,NA,33627.05,NA,NA,32865.3,25525.07,6136.135,30589.84,NA,235305.3,1938034
2001Q2,14895.37,NA,35533.49,82668.38,28054.4,113.982,NA,NA,15925.77,238891.2,NA,21025.57,NA,NA,49926.55,1751.217,14677.74,125421.4,67638.16,1501202,50800.12,NA,1372125,26170.61,8793.32,126173.5,1138.204,112012.1,39891.65,93632.09,NA,60314.43,NA,1138.204,NA,89514.87,31354.9,5938.915,129311.4,5263.252,9377.045,17036.41,NA,NA,32514.56,NA,NA,32369.47,26066.88,10458.54,31101.37,NA,230520.2,1936712
2001Q3,13823.07,NA,35894.47,83826.91,28850.54,103.8965,NA,NA,14710.46,232866.1,NA,21256.21,NA,NA,42843.96,1329.207,13706.35,115594,63495.55,1426510,56220.06,NA,1296060,24979.24,8805.44,112284.9,1238.782,111800.4,38890.27,93378.56,NA,58822,NA,1238.782,NA,82958.85,32348.57,5403.7,130530.3,5706.017,10708.9,17581.97,NA,NA,32077.43,NA,NA,29440.11,26741.09,11918,28409.71,231.6013,207355.9,1852662
2001Q4,12620.63,NA,35885.05,85488.74,26828.45,107.4085,NA,NA,16534.8,239436.1,NA,22554.5,NA,NA,48323.89,1560.13,16370.54,125108.2,67239.98,1500960,52100.68,NA,1369187,23436.19,8969.755,127110.4,1267.687,111858.9,41420.76,92225.16,240.1063,59895.41,NA,1267.687,NA,88231.21,36935.48,5469.3,131957.5,5501.3,9450.019,18239.04,NA,NA,34256.07,240.1063,NA,33439.61,25930.01,14665.7,32980.08,240.1063,214010.7,1936612
2002Q1,12074.2,NA,33387.24,87070.53,23528.58,108.6261,NA,NA,16241.55,233966.2,NA,21852.06,NA,NA,48774.83,1431.993,14260.65,121984.4,65810.35,1451388,46563.28,NA,1329723,24231.06,9906.235,115926.1,1145.44,110988.9,40128.05,83201.38,282.9431,54909.03,NA,1145.44,NA,88872,33124.18,5543.781,121947.5,4763.773,9988.763,17323.59,NA,NA,32759.54,282.9431,NA,32723.7,25119.74,12242.86,30550.5,282.9431,206123.5,1866195
2002Q2,14250.34,NA,35168.84,86789.31,25450.74,113.1417,NA,NA,16886.32,243002.6,NA,23395.11,NA,NA,52645.77,1716.016,15769.01,126134,69347.7,1531615,53612.48,NA,1392686,24711.29,10796.12,120917.7,1444.309,120127.6,44392.88,91548.07,281.1985,60417.52,NA,1444.309,NA,87889.79,34367.46,6330.091,139035.9,5679.805,10275.49,18424.09,NA,NA,36813.6,281.1985,NA,33982.57,26382.76,13607.91,34359.45,281.1985,219169.9,1973361
2002Q3,13363.32,NA,36081.02,89515.11,35738.46,108.5672,NA,NA,16024.81,242897.6,NA,22576.8,NA,NA,45210.64,1629.707,14875.55,117861.1,61018.48,1497561,62504.21,NA,1348247,24722.09,9618.943,113466.8,1528.243,124350.2,45346.59,101553.8,220.5205,59756.08,NA,1528.243,NA,85317.26,32355.05,5723.911,149173.4,6059.214,12022.65,19401.48,NA,NA,38921.17,220.5205,NA,29911.98,27972.54,17096.12,34384.69,220.5205,210443.9,1953767
2002Q4,12634.69,NA,36530.59,88497.11,32766.96,110.2584,NA,NA,17473.7,251623.6,NA,24033.42,NA,NA,52445.23,1920.398,17161.23,128184.3,60438.09,1576332,61610.92,NA,1426088,23347.71,10483.06,127334.6,1422.464,131365.5,49907.93,98572.05,215.9493,60267.28,NA,1422.464,NA,89483.53,36509.49,5903.896,150222.1,5537.816,10045.63,20677.75,NA,NA,39611.12,215.9493,NA,33759.18,28522.27,18298.89,36365.35,215.9493,216317.9,2039532
2003Q1,11996.64,NA,33290.33,87441.69,28352.45,108.4407,13112.6,NA,17571.18,243615.5,NA,22265.43,NA,NA,52912.57,1583.713,14878.64,122338.1,59863.47,1519989,55273.42,NA,1374438,22965.56,11106.25,115087.7,1440.623,124368.8,46044.11,89150.69,248.6101,55299.44,NA,1440.623,NA,92519.08,33721.71,5917.25,145489.6,5498.799,10585.71,19719.97,NA,NA,44318.64,248.6101,NA,33533.66,28585.38,17564,33900.88,248.6101,211681.1,1962611
2003Q2,15983.64,NA,33896.87,86616.57,33726.48,107.9804,13579.91,NA,18020.54,242979.3,NA,22295.38,NA,NA,54118.23,1742.289,16281.17,120799.3,58163.07,1546475,61034.16,12254.22,1387628,24211.88,9681.809,115935.2,1373.899,127420.8,50761.89,96725.19,249.2028,56870.43,NA,1373.899,NA,86960.26,34408.05,6322.166,158846.5,6128.284,10378.69,21603.98,NA,NA,45672.06,249.2028,NA,34666.21,29345.76,17084.66,36156.69,249.2028,219002.2,2003602
2003Q3,14046.69,NA,35105.04,88844.37,36788.4,103.5638,13020.89,NA,17414.9,249109.5,NA,22296.9,NA,NA,47311.44,1649.801,15127.13,113711.1,57296.93,1542531,68098.68,12733.52,1373019,23822.01,9679.482,110901.3,1617.676,133792,51972.58,101366.6,291.691,58405.55,NA,1617.676,NA,86134.92,31976.24,5844.071,169511.5,6172.667,12179.78,23266.09,NA,NA,48955.82,291.691,NA,32392.96,30040,16996.83,38410.31,291.691,213323.8,2007086
2003Q4,12921.54,NA,36670.66,86683.56,37061,110.676,13284.58,NA,19128.87,257652.6,NA,22948.49,NA,NA,55077.86,1892.652,17371.23,129153.2,58186.66,1668039,69589.65,14144.12,1490164,23105.42,10311.56,129654.9,1720.163,145982.8,60446.83,102116.6,277.3311,58991.8,NA,1720.163,NA,93543.76,37284.23,6013.147,177874.9,6063.839,10639.02,25497.2,NA,NA,52281.53,277.3311,NA,36139.48,31901.51,18360.97,43082.15,277.3311,232973.8,2154891
2004Q1,11889.62,NA,34646.76,88292.97,34472.45,109.6111,14827.3,NA,19363.73,264905,NA,22809.63,NA,NA,56164.8,1833.996,15915.56,126637.2,51042.1,1644168,62903.75,13941.51,1476909,21952.83,11750.11,118205.6,1565.535,144384.7,60273.63,95675.94,346.4013,55224.69,NA,1565.535,NA,96459.09,35688.68,6416.261,167258.5,5978.804,11055.02,25355.85,NA,NA,51688.33,346.4013,NA,36672.01,32187.62,15672.74,40776.81,346.4013,231201.6,2115957
2004Q2,14532.07,NA,37459.78,88300.78,40078.05,116.5409,15193.16,NA,23355.72,274484.9,NA,23100.08,NA,NA,57409.27,1936.623,16059.17,129067.9,52934.86,1713823,71471.26,14974.04,1527043,23728.56,11787.06,128024,1798.17,149352.6,63771.04,105793.4,283.5932,59660.91,NA,1798.17,NA,94983.44,33972.86,7149.85,186779.8,6054.426,11476.98,25736.72,NA,NA,56094.72,283.5932,NA,39035.98,33508.31,19387.62,44681.72,283.5932,238825.1,2217163
2004Q3,14370.99,NA,36274.7,87956.71,44182.4,109.4957,15552.84,NA,21462.4,266521.8,NA,22889.88,NA,NA,50404.28,2034.501,16035.74,119586.7,52173.18,1673891,78267.59,14947.93,1476925,26222.56,10955.15,119921.9,1855.396,151375.7,59335.92,110689.6,317.1295,59241.22,NA,1855.396,NA,95601.92,32055.64,5786.211,196965.7,7265.97,13251.1,27641.91,NA,NA,59988.59,317.1295,NA,35175.74,34810.62,20228.23,44338.57,317.1295,233113.6,2184037
2004Q4,14122.59,NA,37378.56,88280.58,42751.37,110.6413,15234.79,NA,23219.74,281711.2,NA,24394.72,NA,NA,56680.85,2217.49,18743.53,133176.8,54166.02,1769748,78184.1,16307.92,1571930,26246.61,11794.01,128908,1683.15,157747.7,64494.9,110139,318.2299,60110,NA,1683.15,NA,102118.3,34655.15,6406.304,197817.9,7277.608,12408.12,28697.4,NA,NA,60634.29,318.2299,NA,39284.96,35542.38,21394.33,44876.94,318.2299,246188.2,2295736
2005Q1,13574.08,NA,34941.01,88447.07,38919.61,109.284,15192.98,207439,22197.14,274460.5,NA,22743.77,NA,NA,54316.9,2240.08,16819.66,126756.7,49422.33,1692678,68072.09,15161.57,1510889,25014.45,12027.61,118621.7,1602.726,147810,60758.59,102392.9,329.6142,56388.34,NA,1602.726,NA,100834.1,33792.64,6447.069,181788.3,7084.983,11859.68,26910.07,NA,NA,58324.25,329.6142,NA,37117.42,33880.88,17984.34,41817.89,329.6142,243749.5,2185551
2005Q2,16699.26,365394.9,38710.05,88703.71,43995.57,113.6985,16024.12,256460.7,24394.98,290962.3,559919.2,24284.55,365394.9,NA,59777.61,2458.858,17212.96,133291.1,55887.32,1806473,78948.86,17081.94,1603438,24786.29,11096.4,130351.4,1746.077,154352.8,65027.28,113945.7,379.5355,62643.69,559547.3,1746.077,NA,102358.8,34647.88,6901.666,203035,7306.438,11825.93,29923.46,NA,NA,61277.31,379.5355,NA,40574.01,35335.23,19647.63,46109.6,379.5355,259289,2370800
2005Q3,16114.61,396586.2,37565.26,89800.98,48542.51,111.9983,15155.75,277927.8,23719.39,289940.6,597797.6,24104.32,396586.2,NA,51097.23,2600.751,17288.63,123781.3,57925.62,1782446,87221.34,16720.68,1566844,25504.26,11835.64,120917.7,1759.113,161230.7,66951.88,117428.3,352.7149,61002.51,597463.8,1759.113,NA,101429.5,32316.05,5821.292,215602.3,7883.335,13671.86,29745.46,NA,NA,65094.09,352.7149,NA,37364.69,39338.25,19542.79,47172.29,352.7149,249406.1,2378497
2005Q4,14900.45,410977.3,39613.97,88765.43,45297.88,114.8921,15823.08,293992.6,26101.95,303196.9,619216,25491.3,410977.3,NA,57317.01,2849.883,19530.78,138625.1,64211.64,1897147,85671.52,18314.85,1673875,26395.39,11494.34,129321.6,1580.346,171317.9,73927.74,119778.4,401.5559,66367.62,618826.6,1580.346,NA,107977.4,34772.59,6392.671,223272.6,8112.92,11696.61,33034.14,NA,NA,69923.88,401.5559,NA,40711.67,37291.88,22142.48,52776.73,401.5559,264954.8,2516797
2006Q1,14190.73,370322.7,35405.61,88437.63,41401.16,113.8361,16213.09,254178.9,26783.95,313977.4,566533.8,25218.5,370322.7,NA,60331.02,2926.727,18788.41,143968.8,70703.48,1903951,76662,18213.29,1698879,27927.11,12104.38,127836.8,1631.072,167960.7,71185.21,112644.2,326.8818,64337.69,566221.2,1631.072,NA,113281,34674.6,6409.447,205071.6,6905.299,13243.31,33203.41,59694.37,NA,66072.86,326.8818,NA,42134.51,37487.83,19726.05,48145.98,326.8818,268994.2,2477035
2006Q2,16809.64,422907.7,39149.9,89125.76,42586.93,116.333,16511.36,299600.9,27559.75,311337.4,637716.3,25367.07,422907.7,92687.2,61349.29,3146.045,21114.39,145365.4,72820.42,1959790,82520.99,19358.64,1738894,28314.84,12307.11,133793,1713.301,172264.7,77567.6,118210,347.4406,68343.46,637386.5,1713.301,NA,111474.6,32140.12,7075.926,220895.6,7279.644,13782.1,34556.72,68755.78,NA,69394.49,347.4406,NA,42101.46,38401.45,23931.42,52170.46,347.4406,283277.4,2601392
2006Q3,16414.93,474505.3,39399.29,91447.87,51330.7,110.3616,16060.81,338883.4,26795.6,318880.2,702659.5,25291.04,474505.3,98872.36,52554.1,3007.35,19933.31,130075.7,54802.72,1921831,93190.05,19566.9,1685221,29868.63,11695.13,123727.4,2086.079,179037.2,77618.04,125619.6,400.5688,66385.53,702277.1,2086.079,NA,108898.6,31290.47,6352.373,236609.9,7903.363,14475.26,34593.96,74159.74,NA,73152.7,400.5688,NA,38629.54,43246.75,24712.61,53852.2,400.5688,275439.9,2624256
2006Q4,16649.82,494490.2,39936,89313.42,47238.79,113.9194,15756.52,357906.5,30646.42,348799.9,726316.6,27666.31,494490.2,104626,59799.95,3071.088,21562.12,145175.1,56042.75,2051094,94123.25,21818.2,1811819,32119.14,11759.35,140137.7,1845.538,186617.2,82965.59,124124.5,421.0524,68595.15,725913.8,1845.538,NA,118520.5,34501.06,6496.236,239275,8290.542,11563.44,36544.18,77725.11,NA,74305.37,421.0524,NA,43790.16,42846.88,26900.9,54196.57,421.0524,290771.1,2778396
2007Q1,14279.68,426061.7,36742.15,92056.6,43596.04,113.2595,17387.4,297417.1,30923.25,341849.9,628187.5,26359.62,426061.7,83860.22,63649.98,2885.717,20942.34,143924.8,53242.94,2009591,81377.11,21733.37,1790194,30132.12,12334.55,136645.4,1627.406,182591.4,82099.63,115293.2,480.9225,64846.07,627713.5,1627.406,NA,120004.3,35045.37,6653.324,219396.7,6851.115,13571.05,36581.08,60002.54,NA,73190.72,480.9225,NA,42023.48,41813.76,23857.68,50549.16,480.9225,284390.5,2643110
2007Q2,17605.18,481849.1,39026.35,89189.26,48467.49,117.8206,18350.25,345886.5,31343.57,341083.9,705528,26129.78,481849.1,94958.34,63703.33,3100.285,22560.37,144697.2,54605.27,2057889,90547.82,22712.84,1820262,30290.27,13643.09,141107.8,1697.983,184666.1,88377.21,125978.4,411.066,70243.83,705134.4,1697.983,NA,118392.5,32292.93,7219.039,237626.8,7267.097,13815.01,37489.88,70199.31,NA,75171.35,411.066,NA,42290.11,43082.59,24759.03,54302.45,411.066,298149,2765619
2007Q3,17732.35,534640.5,40525.88,93465.24,51343.65,111.6372,16378.71,388435.4,30820.88,342688.7,765651,26567.11,534640.5,98922.34,56740.29,2769.187,20990.75,135286.3,51451.96,2051183,98810.84,22852.93,1796900,31181.34,13463.12,131250.7,1757.594,195469.6,85002.35,130393.7,437.0747,70809.96,765233.6,1757.594,NA,118469.7,31943.96,6219.433,254283.1,8240.111,14026.69,37217.24,75511.5,NA,79356.23,437.0747,NA,39127.69,46878.61,23410.84,58383.65,437.0747,298072.8,2815762
2007Q4,18306.69,535265.9,41271.46,90793.04,49359.65,111.5484,16704.11,388368.1,34591.13,355644.1,788033.5,27868.55,535265.9,120609.7,63492.33,3013.315,21958.73,146299.6,54051.73,2163829,99141.3,24650.59,1906487,31328.54,14471.03,140526,1799.509,208641.9,95478.16,128803.8,550.6366,70957.44,787495.5,1799.509,NA,127893.5,35068.78,7452.903,257341.4,8486.746,11641.45,39072.85,97076.87,NA,79162.89,550.6366,NA,44816.12,49746.06,23532.85,60730.49,550.6366,312600.9,2951761
2008Q1,15336.32,441040.1,39095.89,91632.56,40888.49,107.3858,17186.49,305480.5,34712.66,353457.1,650501.6,27603.87,441040.1,92199.37,64236.87,2849.423,21496.49,148696.6,53261.67,2128486,87599.79,25306.56,1888103,32027.98,12706.4,136493.7,1780.855,205961,90136.77,114067.1,503.7066,65313.6,650004.7,1780.855,NA,126476.3,34913.4,7002.19,240382.7,7864.988,11797.59,39344.33,68000,NA,80502.64,503.7066,NA,44785.52,47090.19,24199.36,56943.99,503.7066,310625.1,2785412
2008Q2,16692.23,490917.6,42357.57,89679.14,49704.76,112.3719,17268.26,346906,35503.11,358927.1,717909.2,28902.6,490917.6,97951.8,67137.57,3116.524,23426.25,146129.8,55673.95,2175995,94035.43,25610.1,1922829,31146.03,11654.45,139908.3,1712.147,198157.5,98088.09,126278.2,467.2398,68515.03,717456.1,1712.147,NA,124857.2,33726.06,7318.373,253165.6,8058.399,14148.33,42021.7,72518.51,NA,81830.08,467.2398,NA,45935.82,49024.68,25433.29,60607.83,467.2398,327302.4,2897704
2008Q3,19382.09,551307.8,43324.05,92043.75,51631.4,107.6668,16650.93,399177.5,32930.91,343768,780564.4,27619.15,551307.8,101109.9,60322.87,3066.674,21141.08,135069.6,56721.39,2126646,99535.42,23798.53,1863322,30490.68,12073.85,126652,1520.274,204462.5,99343.06,127300.5,468.9469,66949.15,780113.8,1520.274,NA,121970.2,31449.16,6153.733,263324,8719.96,14403.35,41624.35,76837.29,NA,84279.56,468.9469,NA,40908.82,51430.64,24272.64,60126.94,468.9469,322105.4,2906793
2008Q4,15768.47,482827.6,41285.49,94092.08,44821.03,100.5729,16499,350978.5,30476.96,327533.1,724214.6,25821.05,482827.6,114353.2,57515.66,2876.778,19814.71,138063,66111.93,2029814,93249.38,23041.26,1798425,30413.46,10567.29,123790.3,1288.746,181373.4,96061.67,123359.6,542.6288,69827.04,723680.8,1288.746,NA,120519.8,34858.01,6724.207,231388.5,8711.564,10179.55,40586.73,86630.43,NA,73417.29,542.6288,NA,39712.98,42382.41,27722.81,48953.32,542.6288,300985.1,2754719
2009Q1,13611.89,349561.2,36006.87,96444.06,35369.42,89.61264,15833.8,239032.4,26698.06,283016.5,552069.9,23525.39,349561.2,94944.47,53485.07,2154.327,15337.24,122659.3,63461.96,1741551,66731.57,19643.41,1556365,28710.75,11118.12,102067.7,1230.554,123621.8,83535.83,102382.9,673.5937,59223.3,551383.5,1230.554,NA,109504.3,34625.63,6855.414,185186,7790.212,8902.17,36463.55,64621.66,NA,63458.71,673.5937,12.68057,34113.35,37531.83,30322.8,41383.81,673.5937,256090.8,2297840
2009Q2,16884.9,400359.9,38680.16,95724.37,44370.47,89.71549,16402.26,280331,28287.5,276250.1,602744.2,23638.87,400359.9,86917.02,57737.49,2390.244,16173.14,122249.1,59464.93,1800517,81285.86,20633.49,1584847,30881.88,10846.02,106226.5,1319.301,136832.2,97745.39,111731.7,732.4276,59316.48,601998,1319.301,NA,107308,30529.64,7870.537,215670.2,8044.748,11295.05,35386.4,60343.4,NA,68735.74,732.4276,13.61252,34782.85,37325.97,26573.63,48763.66,732.4276,259584.3,2405949
2009Q3,14606.43,484019.3,41750.97,96305.09,45755.04,91.00154,15774.29,346522.6,29490.46,290466,694132.9,24728.89,484019.3,92417.92,54625.24,2426.515,15112.66,121420.2,57532.54,1863600,85117.85,21207.04,1633862,32643.77,10850.84,104240,1370.168,157155.6,98913.12,116045.6,664.4385,61704.16,693466.1,1370.168,NA,112954.4,31150.07,6713.222,229737.7,8586.425,12590.42,36431.48,65983.29,NA,75461.04,664.4385,14.08333,33598.97,43268.18,26434.63,54552.39,664.4385,270909.6,2556837
2009Q4,14920.44,520219.7,42941.76,92640.95,42526.4,95.06302,17518.96,375627.8,30963.43,305263.5,783971,25162.5,520219.7,139567.9,59832.66,2506.251,18008.04,128948,62567.02,1994527,90596.85,23663.15,1752520,37541,12605.91,111787.5,1486.936,174295.5,106264.5,119797.7,656.3215,68449.71,783319.1,1486.936,NA,118997.4,34255.35,7259.955,242007.1,8821.579,10257.64,41555.89,110551.2,NA,78470.22,656.3215,15.88716,36749.59,44134.63,29016.74,58019.55,656.3215,298621.3,2775389
2010Q1,13076.35,454068.7,40739.12,96000.93,38980.49,94.19867,15541.1,316549.9,31905.82,310801.1,680445.6,24200.57,454068.7,111264.6,62975.09,2511.514,14779.52,132975.7,63229.47,1985025,81765.92,23001.54,1753148,35444.78,12695.58,108020.5,1661.059,176321.4,100789.8,112839.9,611.3426,65920.1,679834.2,1661.059,46758.22,122751.2,34235.56,7342.087,231876.9,7939.3,11764.32,38597.66,84186.22,NA,78568.8,611.3426,14.88192,36798.46,43551.51,27078.36,58465.84,611.3426,296825.2,2665470
2010Q2,20018.85,531880.1,46389.28,92736.22,47044.78,100.3156,16326.21,388150.2,34073.51,330682,769181.3,25111.53,531880.1,106836.1,66284.01,2867.579,18394.46,140675.5,69966.9,2129433,97200.81,24661.62,1860913,35351.24,13083.99,117789.6,1754.791,185446.9,118658.8,128107.8,602.5696,73109.56,768578.8,1754.791,45952.71,123365.7,30919.48,8045.329,268520.2,7953.464,14714.67,43935.76,75790.12,NA,85566.91,602.5696,16.42429,41165.21,47711.25,31045.93,65733.68,602.5696,310216.7,2898615
2010Q3,19092.44,579866.4,43866.75,93502.96,49390.62,97.93998,16783.85,431688.2,34444.97,335382.1,811219.2,26190.37,579866.4,96477.15,61475.27,3066.107,17809.19,135145.1,67211.92,2132026,103369.9,24873.84,1852071,36744.48,12229.4,114179.3,1748.595,195050.2,116357.6,132536.7,590.3423,74131.59,810628.9,1748.595,46295.14,126721,29097.67,6629.149,279955.5,9014.529,16411.54,40096.4,68123.98,NA,91370,590.3423,16.43487,38956.15,48727.06,28353.16,66123.17,590.3423,312886.9,2943245
2010Q4,16076.52,583292.2,47066.89,92103.37,47822.79,103.5141,17064.02,432284.3,37458.5,351548.1,849440.3,26554.81,583292.2,131748,68741.89,3577.095,20937.44,143101.2,70110.95,2230718,97286.23,27071.07,1960994,43196.06,12471.14,122580.6,1723.369,198602.7,127229.2,132074.1,602.6824,75353.36,848837.7,1723.369,47169.37,134794.8,32900.21,7468.435,269723.9,8897.992,11801.25,43359.03,100609.5,NA,90428.93,602.6824,18.51441,43601.76,48841.16,31138.52,65932.23,602.6824,332529.1,3080159
2011Q1,14302.53,499683,41025.85,91579.75,40289.09,101.9816,16409.24,351373.4,38141.05,356532.2,738317.7,27374.99,499683,117652,73823.55,3528.445,18520.94,144779.2,70573.78,2194931,94691.92,27128.17,1931666,39550.92,12856.46,116621.5,1771.52,185280.3,124579,118623,588.2063,70333.19,737729.5,1771.52,45186.8,132584.9,31805.98,7388.687,263264.7,8000.749,12105.38,43988.43,86634.59,NA,89585.34,588.2063,17.75722,43113.33,51466.42,31017.37,64684.95,588.2063,323911,2933249
2011Q2,19028.68,562683.2,44972.49,90197.22,48869.87,104.0598,17602.15,408796.4,38885.9,357948.7,804214.2,27210.72,562683.2,108553.1,73610.72,3971.844,18923.58,145225.6,66329.95,2223628,96533.95,26709.9,1949204,43092.33,12998.4,125134.2,1846.203,175317.1,131765.2,130563.1,568.595,72861.51,803645.6,1846.203,45026.92,130359.9,29009.6,8173.301,274423.4,8831.69,13720.16,45561.13,76506.32,NA,90298.8,568.595,18.45991,43437.34,52047.4,32046.76,68562.01,568.595,335736.6,3027842
2011Q3,19371.5,609483.9,46505.52,92856.21,51165.52,106.49,16439.87,450016.6,37389.44,358259.8,846667.1,27205.07,609483.9,100578.2,67362.78,3779.299,18353.17,136938.4,66054.48,2234087,99327.96,27145.01,1952875,43057.36,12547.72,117664.5,1756.513,197681.1,133138,134127.3,721.1837,73469.74,845945.9,1756.513,45865.94,130705.4,30407.51,6815.984,281211.9,9492.087,13036.63,48490.01,64956.77,NA,95190.15,721.1837,17.83335,41717.08,57507.31,35621.41,67322.26,721.1837,335294.3,3080754
2011Q4,17065.78,571777,46587.49,92377.44,48555.45,112.2059,18121.89,428454.6,39522.76,361498.1,843770.4,27719.76,571777,133192.1,70285.16,3773.953,18659.53,147322.6,72071.44,2277083,96720.6,28498.22,2004580,42435.3,13499.14,121910,1602.118,192814.2,137539.4,136566.4,632.8065,78567.41,843137.6,1602.118,46535.52,132547.3,31568.81,7639.957,272502.9,9443.505,9606.953,47924.89,92152.49,NA,92681.8,632.8065,19.59356,42910.95,44744.59,41039.64,66034.77,632.8065,349655.1,3120853
2012Q1,14711.71,497152,41912.01,91538.52,42667.01,108.0283,17396.37,349415.6,41042.09,367235.3,765661.5,26602.42,497152,138872.5,73286.28,3689.32,18592.54,149023.8,71165.27,2242624,87882.94,27569.61,1986448,39409.03,12919.65,116928.6,1509.062,187557.9,130508.5,127441.6,686.4903,75520.37,764975,1509.062,45201.08,134527.8,33134.76,7593.156,256176.1,9254.181,12928.48,45944.9,99109.58,NA,91966.47,686.4903,19.56026,42503.49,50197.78,39762.89,61615.01,686.4903,345648.1,3008286
2012Q2,16895.78,578841.8,47270.1,92430.71,47147.06,110.4309,17789.39,424968.9,39806.86,363711.1,834565.1,27870.62,578841.8,114476.4,75296.54,3801.952,18761.66,147098,67187.5,2284922,94152.72,27940.13,2014075,39876.35,12741.87,123211.9,1582.253,190580.1,138708,138929.2,735.4907,83105.54,833829.6,1582.253,45086.35,135205.3,30784.54,8284.406,270847.5,8676.59,16077.53,48726.1,69652.08,NA,93213.58,735.4907,21.0443,42854.53,52832.71,44824.3,66585.43,735.4907,353882.2,3119488
2012Q3,17797.74,615544.8,47172.65,93770.31,49698.97,106.6109,15827,463143.1,38501.64,363824.2,866092,27108.8,615544.8,108337.4,70315.5,4050.747,18364.16,140472.2,68075.7,2236272,101312.5,27161.96,1957934,39078.86,12384.9,115518.5,1708.601,187130.9,132801.9,139656.9,844.266,80033.74,865247.8,1708.601,44778.04,130029.2,28582.48,7531.284,278337.9,9924.179,13559.07,47281.93,64062.6,NA,90635.76,844.266,20.61336,39611.69,54985.81,44274.83,68591.95,844.266,342288.7,3102364
2012Q4,16292.57,610525.5,48228.03,92992.65,49435.75,110.1967,19005.11,459557.2,40323.09,358425.3,889506.8,27431.06,610525.5,134217.5,74485.9,3886.543,18455.37,148211,68084.88,2283142,102045,27622.61,2002681,40747.22,11906.31,121849.1,1595.847,179731.3,139801,142299,869.0007,83201.77,888637.8,1595.847,47297.67,136613,31483.59,8222.096,280460.5,9661.485,10446.68,48042.74,89584.32,NA,93120.1,869.0007,21.52584,42254.45,52476.7,44633.21,69002.85,869.0007,355494.2,3172649
2013Q1,13437.49,556070.7,44245.43,92633.35,39855.84,107.431,17193.08,407739.1,38884.96,359431.7,818425.2,26269.71,556070.7,136531.6,77609.25,3849.928,18206.77,143806.8,67527.6,2219272,90843.56,27604.88,1961486,38825.22,12468.78,114473.5,1595.664,174357.1,134546.1,123293.2,934.0283,75217.21,817491.2,1595.664,44774.44,136207.6,30200.11,8230.399,257786.3,8220.125,12719.38,49098.59,95484.15,NA,88556.5,934.0283,20.1682,40775.35,52012.59,41047.44,64948.77,934.0283,343737.6,3037697
2013Q2,18595.61,582921.5,49925.16,91758.57,50471.64,113.6818,19218.73,431024.8,40341.42,365075.4,843198.2,27844.95,582921.5,115513.1,80562.4,3948.89,18706.04,148607.5,71607.92,2317854,96031.57,28605.49,2033501,39817.45,12469.94,121356.2,1734.802,183388.3,142566.5,142212.2,816.5508,83113.84,842381.6,1734.802,45085.44,137627.4,29467.41,8264.107,284353,8626.751,15084.09,49658.93,71103.57,NA,99181.21,816.5508,22.24577,42349.75,51909.65,44409.57,70544.59,816.5508,360013.6,3161052
2013Q3,17417.53,626785.5,50089.45,93818.17,51985.39,110.8038,17852.6,469492.9,40527.28,362987.7,893156,28480.96,626785.5,117727.8,72654.32,3703.645,18035.83,139024.4,68831.72,2276799,102942.4,28895.29,1989190,37305.87,10906.66,115647,1840.229,185462.7,137448.9,145983.2,819.3126,84159.35,892336.7,1840.229,48978.54,134454.2,28616.9,6908.023,287609.5,9838.477,16525.98,51277.56,71035.76,NA,97931.86,819.3126,21.32153,39217.15,54482.16,46692.02,69317.79,819.3126,354217.2,3169955
2013Q4,13838.3,644710.9,51573.46,92014.62,52697.28,112.8624,18408.44,484486.2,43329.62,368007.1,942648.7,28351.53,644710.9,144579,75593.9,3821.018,19370.22,148029.4,67847.71,2350468,104455.9,30035.69,2062658,43372.02,12571.73,121497.8,1803.921,187319.7,147141.3,150751.1,803.7477,88354.76,941845,1803.921,51021.18,139743.5,30789.25,8488.104,287810.1,9699.106,13226.8,51660.15,93726.11,NA,98135.86,803.7477,23.4882,41553.19,52604.63,50852.9,71379.97,803.7477,375373.8,3293116
2014Q1,11609.72,548512,49042.76,92742.37,41026.92,109.7128,18142.09,393200.6,44174.01,370290.3,834575.6,27862.97,548512,152188.7,78082.23,3604.81,17791.26,135872.6,64961.54,2269176,89960.17,29915.4,2004458,40433.91,12625.69,116533.9,1811.299,178223.8,139325.9,131294.4,769.0929,81560.31,833806.5,1811.299,48080.8,138734.2,31338.53,8565.412,264718,8707.213,14706.25,51482.27,95978.72,NA,96158.56,769.0929,22.44034,40922.96,52090.47,56209.97,66989.52,769.0929,354090.6,3103751
2014Q2,16966.23,627921,51368.23,92052.99,50459.31,119.9171,18930.15,467545.5,44650.41,371308.4,907530.2,28593.62,627921,128044.7,80496.92,3823.034,19516.22,131429.6,65250.63,2333546,98841.43,30719.27,2045352,40297.12,11246.92,122134.8,1924.164,182000.4,147579,148901.9,738.4702,89828.76,906791.8,1924.164,49739.97,140448,28423.05,8440.763,288194,8613.777,18011.36,53311.97,74650.29,NA,98881.78,738.4702,23.04553,41920.2,52327.08,53394.43,73504.59,738.4702,371564.7,3241077
2014Q3,15909.67,693762.2,52726.49,94283.13,53363.36,118.637,17655.74,530674.9,44582.85,381082,973872.3,29294.15,693762.2,124298.4,76455.21,3876.138,18442.76,125956.3,64478.04,2332945,106601.8,31211.6,2037137,40858.92,12088.92,116038.8,1831.947,187440.2,143669.7,153243.8,735.9252,90592.76,973136.3,1831.947,50070.58,138547.3,28809.05,7288.84,295808,9287.644,18377.72,54744.15,71366.07,NA,98885.55,735.9252,22.15384,39636.57,53780.14,52932.32,74410.98,735.9252,368687.9,3306817
2014Q4,13866.72,693547.8,53784.1,95176.27,46336.7,118.0297,19133.94,528399,46647.62,384615.1,1002287,28822.63,693547.8,150299.6,80505.55,4069.492,19271.67,138453.8,73658.54,2428592,103453.8,31463.28,2136727,44063.83,13154.82,123788.8,1688.665,194019.4,157646.2,155928.5,822.0979,100178.6,1001464,1688.665,51806.52,145489.3,33249.12,8543.778,291865,9413.121,14631.4,56978.56,91852.23,NA,99352.03,822.0979,23.94229,42271.27,54647.11,58447.34,75192.47,822.0979,385841.5,3430878
2015Q1,11491.51,580454.6,50954.86,95408.89,43257.15,110.6966,18697.66,421893,47510.03,389451.1,893523,30318.9,580454.6,163112.9,80224.32,3761.833,17574.54,136263.1,74126.36,2352826,90148.06,32708.25,2083351,42974.8,13901.29,117374.9,1602.232,189090.4,150887.9,147480.9,872.3883,95895.58,892650.6,1602.232,48817.23,138387.8,31850.55,8894.567,269475.4,8328.17,15142.52,57058.18,100420.6,NA,98610.84,872.3883,23.7584,41576.17,51627.11,62692.25,69224.98,872.3883,357194.5,3246349
2015Q2,16588.88,619714.5,51900.38,95571.84,55274.54,120.5699,18165.95,457013.3,48121.59,398359.5,931619.7,29541.58,619714.5,142516.1,83607.1,3928.911,18843.83,141637.4,78008.19,2410341,95653.9,32949.26,2129138,42795.31,12700.64,125510.4,1817.117,185578.3,151916.8,166475.5,1096.437,102629.5,930523.2,1817.117,51253.26,140643.1,29886.9,8833.41,281202.9,8571.459,17131.43,56652.03,74912.51,NA,97555.24,1096.437,24.17458,43381.28,51521.29,67603.6,71404.92,1096.437,373254.5,3341960
2015Q3,16184.31,684131,55398.03,98223.31,55154.76,117.339,17294.86,514018,48084.41,397680.2,999315.9,29559.67,684131,140587.9,78629.69,3766.906,17721.53,132269.5,73422.44,2382238,102622.4,32768.51,2094333,42490.6,12052.45,117603.3,1877.486,189348.6,151155.6,171546.5,1172.988,106872.3,998142.9,1877.486,54722.64,137469.7,31333.9,7810.311,287904.7,9519.43,19250.9,57694.38,71501.61,NA,97713.81,1172.988,23.51687,40999.69,53648.83,69086.25,71384.21,1172.988,363905.5,3381554
2015Q4,13130.9,687649.6,55649.22,96711.13,54179.41,119.3383,18738.1,521915.1,52322.9,401465.1,1056060,29334.33,687649.6,190473.8,83151.84,3953.648,19078.06,144881.8,79693.92,2462010,102769.6,34046.65,2173896,41238.73,13443.78,125116.4,1791.178,193709.2,158931.8,175004.5,1140.429,110278.1,1054919,1791.178,56789.71,144116.8,32900.87,8807.223,288114.2,10546.98,15424.95,62964.54,111581.2,NA,101036.3,1140.429,26.12129,44663.41,52281.1,78892.65,71177.36,1140.429,370070.1,3518070
2016Q1,13738.76,563725.2,53245.94,95961.26,50816.59,115.9414,18683.46,402006.5,52056.31,395494.4,898643.2,29813.7,563725.2,169233.7,82335.96,3800.89,17221.15,141705.3,79041.79,2366644,86256.79,33458.74,2109407,40507.52,13333.14,118456,1559.493,188503.4,145845.9,162913.1,1211.656,103036.4,897431.5,1559.493,51720.06,143003,32148.49,8848.839,257237.1,9060.16,15936.11,59359.34,92881.33,NA,92038.96,1211.656,24.58825,43156.2,53554.99,76352.38,65202.58,1211.656,353793.6,3265288
2016Q2,16641.38,624745.4,56809.9,89803.76,59087.22,116.889,18448.95,463536.1,53220.89,413074.8,954978,31585.22,624745.4,150342.4,89706.35,4082.551,19277.34,147327,82886.35,2478825,96760.2,35750.18,2193840,40175.15,12268.55,127931,1813.55,189217.3,157520.2,176853.9,1222.692,108285.7,953755.3,1813.55,53186.48,149759,30692.64,9618.168,284984.3,9481.009,17596.84,63805.38,71548.67,NA,100281.9,1222.692,26.67521,45033.63,50250.84,78793.75,71300.87,1222.692,365877.7,3433803
2016Q3,16129.68,681287.2,57776.86,90560.66,54929.26,115.8153,17291.07,515545.9,49115.08,398864.8,1010695,31269.61,681287.2,151106.3,80921.12,4031.73,17561.14,134787.7,82685.08,2415987,104035.1,33998.8,2122148,36921.3,12731.36,119358.6,1990.358,194509.3,150070,175145.2,1165.457,109479.6,1009529,1990.358,54902.09,143719.3,29634.25,8143.794,293838.8,10736.37,20151.45,60056.87,79991.22,NA,100393.9,1165.457,24.45301,41600.87,53766.43,71115.13,73280.1,1165.457,363319.5,3426681
2016Q4,14756.41,701665,60303.7,88577.96,49218.07,121.6122,18236.91,531172.5,52845.46,408043,1108001,31804.49,701665,225408.5,87459.19,4029.46,18809.78,148745.6,97028.45,2541071,108854.7,35397.79,2235616,41712.38,13198.8,127052.7,1826.969,202225.8,157551.5,177704.7,1395.956,116888.1,1106605,1826.969,58644.44,152054,33209.43,8768.068,305454.7,11598.54,16917.4,66922.95,130966.1,NA,103231.7,1395.956,27.48741,45989.8,53218.3,94442.42,78611.84,1395.956,377212.1,3649072
2017Q1,13317,608473.5,53651.45,88670.14,51519.62,118.9383,17369.66,433800.7,55389.2,420418.6,995397.9,32243.95,608473.5,213105.8,92273.55,3960.066,19502.91,144964.5,97313.68,2504704,93679.44,36680.77,2224228,41670.3,13236.45,123141.7,1694.228,199329.6,151679.6,170813.4,1310.849,108966.2,994087,1694.228,58077.66,155455.7,32800.64,8418.871,280476.2,10327.57,20803.55,63752.86,108227.5,NA,101914.3,1310.849,26.75842,44912.27,54121.34,104878.3,71565.45,1310.849,368916.3,3500102
2017Q2,16179.74,674045.9,57074.93,89198.89,60346.63,123.667,17368.48,497629.3,55633.23,419318.1,1041219,32288.54,674045.9,180237.9,94715.79,4155.675,20645.99,150276.7,97245.8,2573299,102325.1,37171.9,2274106,39877.08,11640.11,129987.9,1697.697,200206.9,168475.9,183839,1398.02,112628.4,1039821,1697.697,58539.09,156371.7,31205.94,9389.86,299192.5,10863.98,23816.49,64952.12,75189.83,NA,105137.5,1398.02,26.54295,46019.01,54183.87,105048.1,75550.13,1398.02,380612.4,3614517
2017Q3,16770.97,720194.3,59437.88,90699.26,61736.42,115.8469,17700.18,531477.9,52637.89,417796,1080770,32481.91,720194.3,176137.8,85237.62,4003.087,19655.45,140952.1,92607.73,2550422,110333.1,35279.15,2233038,44612.36,10876.96,122275.6,1896.707,206580.6,170906,181251,1290.058,107955.6,1079480,1896.707,62223.23,152825.9,30980.52,8090.671,317384,11559.05,23512.64,64209.91,80351.64,NA,107666.9,1290.058,25.4827,43234.8,58368.11,95786.19,82612.97,1290.058,374427.1,3631192
2017Q4,14745.5,735916.6,58454.59,88748.78,55125.52,121.13,18825.41,552142,57857.5,427265.3,1165261,32436.22,735916.6,241767.8,93133.25,4198.112,20450.16,157220.5,94441.94,2645664,113761.7,37267.58,2323320,45359.59,11959.84,132475,1977.448,214809.7,158875.5,184132.4,1467.184,117477.4,1163794,1977.448,63183.46,158432.7,32118.79,9290.453,322343.6,11529.48,18435.07,71208.2,127293.2,NA,110265.1,1467.184,28.52851,48239.38,56796.56,114474.6,83571.29,1467.184,395461.9,3810925
2018Q1,14262.01,NA,56989.81,85198.43,54994.27,116.7996,19143.87,NA,57096.06,428327.3,NA,32864.54,NA,227291.6,91712.89,4117.044,20213.33,153416.4,88887.45,2574475,100542.3,38144.99,2277414,42656.33,12277.84,124888.3,1627.523,207284.1,158677.2,174966.8,1569.471,109506.4,NA,1627.523,61354.9,158870.7,31497.53,8760.935,297060.1,10466.11,20034,66475.68,117346.5,NA,105758.2,1569.471,27.04031,46676.4,57476.45,109945.1,76497.67,1569.471,385749.9,3619569
2018Q2,14454.23,NA,60143.25,84912.3,59141.24,126.2617,18995.88,NA,57455.02,435491.8,NA,33246.96,NA,210387.1,95299.8,4620.884,20849.34,154082.7,NA,2650062,108606,39818.01,2336515,41419.47,11590.75,131231.7,NA,209864.7,165899,188073.4,NA,117730.7,NA,NA,63005.4,160600.5,30336.05,9610.434,313749.4,11201.55,24830.85,NA,84176.13,NA,110839.1,NA,28.77668,47477.92,57318.32,126211,79850.02,NA,404231.9,3682867
2018Q3,NA,NA,NA,NA,NA,NA,NA,NA,NA,NA,NA,NA,NA,NA,NA,NA,NA,NA,NA,NA,NA,NA,NA,NA,NA,NA,NA,NA,NA,NA,NA,NA,NA,NA,NA,NA,NA,NA,NA,NA,NA,NA,NA,NA,NA,NA,NA,NA,NA,NA,NA,NA,NA,NA
